,result idx,result mask idx,comparison result idx,comparison result mask idx,x distance,y distance,x distance per frame,shape * similarity
0,0,0,1,0,-61.84884527549724,-42.593784159779375,61.84884527549724,1.6320535
1,0,0,2,0,-123.51374920689946,-56.33032316633148,61.75687460344973,2.6595685
2,0,0,3,0,-185.74866875614626,-48.57093734864429,61.91622291871542,3.1012552
3,0,0,4,0,-244.17156115670966,-58.968726290962536,61.042890289177414,4.318283
4,0,0,4,1,111.38913453967481,-249.9084358037332,27.847283634918703,39.75715
5,0,0,5,0,84.20133673864923,-49.27674930467299,16.840267347729846,20.106539
6,0,0,6,0,16.135803066649288,-41.95806222971237,2.6893005111082147,27.577658
7,0,0,7,0,-52.6984783579972,-49.42794162485586,7.528354051142458,10.064502
8,0,0,8,0,-114.25030968617821,-38.00842863784288,14.281288710772277,40.575996
9,0,0,8,1,86.94650369247266,-242.18708136722734,10.868312961559083,20.439663
10,1,0,2,0,-61.66490393140222,-13.736539006552107,61.66490393140222,1.6106133
11,1,0,3,0,-123.89982348064902,-5.977153188864918,61.94991174032451,1.9872154
12,1,0,4,0,-182.32271588121242,-16.37494213118316,60.77423862707081,3.2999837
13,1,0,4,1,173.23797981517205,-207.31465164395382,57.74599327172402,30.363035
14,1,0,5,0,146.05018201414646,-6.682965144893615,36.512545503536614,15.323437
15,1,0,6,0,77.98464834214653,0.6357219300670067,15.596929668429306,21.532402
16,1,0,7,0,9.150366917500037,-6.834157465076487,1.5250611529166729,8.9252405
17,1,0,8,0,-52.40146441068097,4.585355521936492,7.485923487240139,29.168844
18,1,0,8,1,148.79534896796991,-199.59329720744796,21.256478423995702,15.122037
19,1,0,9,0,-117.79696970613625,1.426115331983965,14.724621213267032,9.09273
20,2,0,3,0,-62.2349195492468,7.759385817687189,62.2349195492468,1.5717036
21,2,0,4,0,-120.6578119498102,-2.638403124631054,60.3289059749051,2.7826023
22,2,0,4,1,234.90288374657428,-193.57811263740172,117.45144187328714,34.383984
23,2,0,5,0,207.7150859455487,7.053573861658492,69.23836198184956,17.692823
24,2,0,6,0,139.64955227354875,14.372260936619114,34.91238806838719,23.974081
25,2,0,7,0,70.81527084890226,6.90238154147562,14.163054169780452,9.741486
26,2,0,8,0,9.26343952072125,18.3218945284886,1.5439065867868749,30.86733
27,2,0,8,1,210.4602528993721,-185.85675820089585,35.07670881656202,17.522972
28,2,0,9,0,-56.13206577473403,15.162654338536072,8.01886653924772,9.580934
29,2,0,10,0,217.63379977262184,2.731918052074093,27.20422497157773,4.7605414
30,2,0,10,1,-115.23917881370664,26.127481995851497,14.40489735171333,6.3057265
31,3,0,4,0,-58.4228924005634,-10.397788942318243,58.4228924005634,1.3850561
32,3,0,4,1,297.1378032958211,-201.3374984550889,297.1378032958211,31.364372
33,3,0,5,0,269.9500054947955,-0.7058119560286968,134.97500274739775,16.016012
34,3,0,6,0,201.88447182279555,6.612875118931925,67.29482394093185,24.579128
35,3,0,7,0,133.05019039814906,-0.857004276211569,33.262547599537264,8.5966015
36,3,0,8,0,71.49835906996805,10.56250871080141,14.299671813993609,29.184551
37,3,0,8,1,272.6951724486189,-193.61614401858304,54.53903448972378,16.178492
38,3,0,9,0,6.1028537745127664,7.403268520848883,1.0171422957521277,8.828402
39,3,0,10,0,279.86871932186864,-5.027467765613096,39.981245617409805,3.8074434
40,3,0,10,1,-53.00425926445985,18.368096178164308,7.572037037779978,5.31571
41,3,0,11,0,208.6908132930884,13.348292425452541,26.08635166163605,2.2463484
42,3,0,11,1,316.5062682768368,43.61572896266466,39.5632835346046,49.596302
43,4,0,5,0,328.3728978953589,9.691976986289546,328.3728978953589,18.277412
44,4,0,6,0,260.30736422335895,17.010664061250168,130.15368211167947,28.193686
45,4,0,7,0,191.47308279871245,9.540784666106674,63.82436093290415,10.825228
46,4,0,8,0,129.92125147053144,20.960297653119653,32.48031286763286,32.381718
47,4,0,8,1,331.1180648491823,-183.2183550762648,82.77951621229558,18.728794
48,4,0,9,0,64.52574617507616,17.801057463167126,12.905149235015234,11.430792
49,4,0,10,0,338.29161172243204,5.370321176705147,56.381935287072004,4.0416536
50,4,0,10,1,5.418633136103551,28.76588512048255,0.9031055226839252,7.3621616
51,4,0,11,0,267.1137056936518,23.746081367770785,38.15910081337883,1.664938
52,4,0,11,1,374.9291606774002,54.013517904982905,53.56130866820003,51.0105
53,4,0,12,0,193.37024893004215,93.04805638491496,24.17128111625527,69.7122
54,4,1,5,0,-27.18779780102559,200.6316864990602,27.18779780102559,5.0883656
55,4,1,6,0,-95.25333147302553,207.95037357402083,47.62666573651276,28.672468
56,4,1,7,0,-164.08761289767202,200.48049417887734,54.69587096589067,15.847563
57,4,1,8,0,-225.63944422585303,211.90000716589032,56.40986105646326,33.46318
58,4,1,8,1,-24.44263084720216,7.721354436505862,6.11065771180054,5.3683367
59,4,1,9,0,-291.0349495213083,208.7407669759378,58.20698990426166,20.402903
60,4,1,10,0,-17.269083973952426,196.3100306894758,2.8781806623254043,39.46124
61,4,1,10,1,-350.1420625602809,219.7055946332532,58.35701042671349,15.766297
62,4,1,11,0,-88.44699000273266,214.68579088054145,12.635284286104666,34.224335
63,4,1,11,1,19.36846498101573,244.95322741775357,2.7669235687165328,54.91314
64,4,1,12,0,-162.19044676634232,283.9877658976856,20.27380584579279,195.71454
65,5,0,6,0,-68.06553367199994,7.318687074960621,68.06553367199994,19.67859
66,5,0,7,0,-136.89981509664642,-0.1511923201828722,68.44990754832321,9.604261
67,5,0,8,0,-198.45164642482746,11.268320666830107,66.15054880827581,19.456633
68,5,0,8,1,2.7451669538234285,-192.91033206255435,0.9150556512744762,1.0880991
69,5,0,9,0,-263.84715172028274,8.10908047687758,65.96178793007068,11.181712
70,5,0,10,0,9.918713827073162,-4.321655809584399,1.9837427654146325,20.53629
71,5,0,10,1,-322.95426475925535,19.073908134193005,64.59085295185108,8.759253
72,5,0,11,0,-61.259192201707066,14.054104381481238,10.209865366951178,17.613281
73,5,0,11,1,46.556262782041316,44.32154091869336,7.759377130340219,37.76514
74,5,0,12,0,-135.00264896531672,83.35607939862541,19.286092709330962,127.51522
75,5,0,13,0,-201.50968236695246,31.275610927196567,25.188710295869058,13.636525
76,6,0,7,0,-68.83428142464649,-7.469879395143494,68.83428142464649,13.769791
77,6,0,8,0,-130.3861127528275,3.9496335918694854,65.19305637641375,29.266514
78,6,0,8,1,70.81070062582337,-200.22901913751497,35.405350312911686,12.923865
79,6,0,9,0,-195.78161804828278,0.7903934019169583,65.26053934942759,15.332275
80,6,0,10,0,77.9842474990731,-11.64034288454502,19.496061874768277,31.995722
81,6,0,10,1,-254.8887310872554,11.755221059232383,63.72218277181385,14.206518
82,6,0,11,0,6.806341470292878,6.735417306520617,1.3612682940585756,25.907633
83,6,0,11,1,114.62179645404126,37.00285384373274,22.92435929080825,20.242277
84,6,0,12,0,-66.9371152933168,76.03739232366479,11.156185882219466,110.53955
85,6,0,13,0,-133.4441486949525,23.956923852235946,19.06344981356464,25.1569
86,6,0,14,0,-200.3036930736036,50.86999171859122,25.03796163420045,28.407194
87,7,0,8,0,-61.55183132818101,11.419512987012979,61.55183132818101,21.431368
88,7,0,8,1,139.64498205046988,-192.75913974237147,139.64498205046988,7.5496807
89,7,0,9,0,-126.94733662363629,8.260272797060452,63.473668311818145,2.651341
90,7,0,10,0,146.8185289237196,-4.170463489401527,48.93950964123987,6.4457
91,7,0,10,1,-186.0544496626089,19.225100454375877,62.0181498875363,1.8956422
92,7,0,11,0,75.64062289493937,14.20529670166411,18.910155723734842,10.034399
93,7,0,11,1,183.45607787868775,44.47273323887623,45.86401946967194,33.569584
94,7,0,12,0,1.8971661313296977,83.50727171880828,0.37943322626593956,129.08209
95,7,0,13,0,-64.60986727030601,31.42680324737944,10.768311211717668,6.1271496
96,7,0,14,0,-131.4694116489571,58.339871113734716,18.781344521279586,5.424716
97,7,0,15,0,144.81418059018347,-38.922263517285046,18.101772573772934,86.544205
98,7,0,15,1,-192.87031975011016,14.952340664990345,24.10878996876377,10.270353
99,8,0,9,0,-65.39550529545528,-3.159240189952527,65.39550529545528,22.292162
100,8,0,10,0,208.3703602519006,-15.589976476414506,104.1851801259503,41.63358
101,8,0,10,1,-124.5026183344279,7.805587467362898,62.25130916721395,20.023275
102,8,0,11,0,137.19245422312036,2.7857837146511315,45.73081807437345,34.103855
103,8,0,11,1,245.00790920686876,33.05322025186325,81.66930306895625,47.43636
104,8,0,12,0,63.44899745951071,72.0877587317953,15.862249364877677,142.1966
105,8,0,13,0,-3.0580359421250023,20.00729026036646,0.6116071884250005,29.0344
106,8,0,14,0,-69.9175803207761,46.92035812672174,11.652930053462683,33.97769
107,8,0,15,0,206.36601191836448,-50.341776504298025,29.48085884548064,110.186584
108,8,0,15,1,-131.31848842192915,3.532827677977366,18.759784060275592,9.162743
109,8,0,16,0,131.29128682311978,13.517422552664186,16.411410852889972,21.430412
110,8,1,9,0,-266.59231867410614,201.01941253943193,266.59231867410614,9.8269005
111,8,1,10,0,7.173546873249734,188.58867625296995,3.586773436624867,21.683931
112,8,1,10,1,-325.69943171307875,211.98424019674735,162.84971585653938,8.165889
113,8,1,11,0,-64.0043591555305,206.96443644403558,21.33478638517683,18.1356
114,8,1,11,1,43.81109582821789,237.2318729812477,14.603698609405962,21.22898
115,8,1,12,0,-137.74781591914018,276.26641146117976,34.436953979785045,23.80009
116,8,1,13,0,-204.25484932077586,224.1859429897509,40.850969864155175,14.528515
117,8,1,14,0,-271.11439369942696,251.0990108561062,45.185732283237826,16.53938
118,8,1,15,0,5.169198539713598,153.83687622508643,0.7384569342447997,79.21495
119,8,1,15,1,-332.51530180058,207.71148040736182,47.50218597151143,1.1550938
120,8,1,16,0,-69.9055265555311,217.69607528204864,8.738190819441387,3.1283324
121,9,0,10,0,273.7658655473559,-12.430736286461979,273.7658655473559,6.61901
122,9,0,10,1,-59.107113038972614,10.964827657315425,59.107113038972614,3.2049
123,9,0,11,0,202.58795951857564,5.945023904603659,101.29397975928782,10.776152
124,9,0,11,1,310.40341450232404,36.21246044181578,155.20170725116202,32.000816
125,9,0,12,0,128.844502754966,75.24699892174783,42.94816758498866,120.161194
126,9,0,13,0,62.33746935333028,23.166530450318987,15.58436733833257,7.1534452
127,9,0,14,0,-4.522075025320817,50.079598316674264,0.9044150050641633,6.7536955
128,9,0,15,0,271.76151721381973,-47.1825363143455,45.29358620230329,75.694565
129,9,0,15,1,-65.92298312647387,6.692067867929893,10.98716385441231,10.880215
130,9,0,16,0,196.68679211857506,16.676662742616713,28.098113159796437,12.433231
131,10,0,11,0,-71.17790602878023,18.375760191065638,71.17790602878023,3.5339885
132,10,0,11,1,36.63754895496815,48.64319672827776,36.63754895496815,60.687923
133,10,0,12,0,-144.9213627923899,87.67773520820981,72.46068139619496,64.79348
134,10,0,13,0,-211.4283961940256,35.597266736780966,70.4761320646752,2.098751
135,10,0,14,0,-278.2879405726767,62.51033460313624,69.57198514316917,1.736511
136,10,0,15,0,-2.004348333536136,-34.75180002788352,0.4008696667072272,50.994263
137,10,0,15,1,-339.68884867382974,19.122804154391872,67.93776973476595,7.498652
138,10,0,16,0,-77.07907342878083,29.107399029078692,12.846512238130138,23.483736
139,10,0,18,0,-213.26513787032854,10.031123662561697,26.658142233791068,9.598681
140,10,1,11,0,261.69507255754826,-5.019803752711766,261.69507255754826,6.577373
141,10,1,11,1,369.51052754129665,25.247632784500354,369.51052754129665,31.426828
142,10,1,12,0,187.9516157939386,64.2821712644324,93.9758078969693,124.49349
143,10,1,13,0,121.44458239230289,12.201702793003562,40.481527464100964,3.0254102
144,10,1,14,0,54.5850380136518,39.11477065935884,13.64625950341295,2.6331422
145,10,1,15,0,330.86863025279234,-58.14736397166092,66.17372605055847,84.573395
146,10,1,15,1,-6.815870087501253,-4.272759789385532,1.3631740175002505,11.09873
147,10,1,16,0,255.79390515754767,5.7118350853012885,42.63231752625794,10.0981655
148,10,1,18,0,119.60784071599994,-13.364440281215707,14.950980089499993,12.486438
149,11,0,12,0,-73.74345676360967,69.30197501714417,73.74345676360967,68.99694
150,11,0,13,0,-140.25049016524537,17.22150654571533,70.12524508262268,2.3078814
151,11,0,14,0,-207.11003454389646,44.134574412070606,69.03667818129883,2.715187
152,11,0,15,0,69.17355769524409,-53.12756021894916,17.29338942381102,47.19386
153,11,0,15,1,-268.5109426450495,0.7470439633262345,67.12773566126238,7.6410108
154,11,0,16,0,-5.9011674000006025,10.731638838013055,1.1802334800001204,20.286577
155,11,0,18,0,-142.08723184154832,-8.34463652850394,20.298175977364046,11.869487
156,11,1,12,0,-181.55891174735805,39.03453847993205,181.55891174735805,97.88734
157,11,1,13,0,-248.06594514899376,-13.045929991496791,124.03297257449688,48.30744
158,11,1,14,0,-314.92548952764486,13.867137874858486,104.97516317588162,56.99077
159,11,1,15,0,-38.641897288504296,-83.39499675616128,9.660474322126074,98.81199
160,11,1,15,1,-376.3263976287979,-29.520392573885886,94.08159940719948,15.12134
161,11,1,16,0,-113.71662238374898,-19.535797699199065,22.743324476749798,38.833157
162,11,1,18,0,-249.9026868252967,-38.61207306571606,35.700383832185246,43.885563
163,12,0,13,0,-66.50703340163571,-52.080468471428844,66.50703340163571,78.84575
164,12,0,14,0,-133.3665777802868,-25.167400605073567,66.6832888901434,67.05175
165,12,0,15,0,142.91701445885377,-122.42953523609333,47.639004819617924,109.431175
166,12,0,15,1,-194.76748588143985,-68.55493105381794,64.92249529381328,5.346583
167,12,0,16,0,67.84228936360907,-58.57033617913112,16.960572340902267,131.64153
168,12,0,18,0,-68.34377507793866,-77.64661154564811,11.390629179656443,89.536064
169,12,0,20,0,129.18291961286573,-71.7788863824062,16.147864951608216,71.97836
170,12,0,20,1,-185.50439237414227,-149.05453898737034,23.188049046767784,52.196377
171,13,0,14,0,-66.8595443786511,26.913067866355277,66.8595443786511,1.0244546
172,13,0,15,0,209.42404786048948,-70.34906676466449,104.71202393024474,50.778976
173,13,0,15,1,-128.26045247980414,-16.474462582389094,64.13022623990207,8.326373
174,13,0,16,0,134.34932276524478,-6.489867707702274,44.78310758841493,15.883244
175,13,0,18,0,-1.8367416763029496,-25.56614307421927,0.3673483352605899,8.865252
176,13,0,20,0,195.68995301450144,-19.698417910977355,27.955707573500206,5.181836
177,13,0,20,1,-118.99735897250656,-96.97407051594149,16.99962271035808,24.818758
178,13,0,21,0,120.71547859246226,-49.655732908796665,15.089434824057783,1.9077291
179,14,0,15,0,276.28359223914055,-97.26213463101976,276.28359223914055,47.022236
180,14,0,15,1,-61.40090810115305,-43.38753044874437,61.40090810115305,6.71042
181,14,0,16,0,201.20886714389587,-33.40293557405755,100.60443357194794,18.531883
182,14,0,18,0,65.02280270234814,-52.479210940574546,16.255700675587036,10.271039
183,14,0,20,0,262.54949739315254,-46.61148577733263,43.758249565525425,5.3125973
184,14,0,20,1,-52.13781459385547,-123.88713838229677,8.689635765642578,20.734316
185,14,0,21,0,187.57502297111336,-76.56880077515194,26.796431853016195,1.4566921
186,14,0,22,0,122.82956755180186,-14.67470286526276,15.353695943975232,1.2527605
187,15,0,16,0,-75.0747250952447,63.85919905696221,75.0747250952447,92.59301
188,15,0,18,0,-211.26078953679243,44.782923690445216,70.42026317893081,47.77216
189,15,0,20,0,-13.734094845988032,50.65064885368713,2.7468189691976064,51.081726
190,15,0,20,1,-328.421406832996,-26.625003751277006,65.68428136659921,56.493732
191,15,0,21,0,-88.70856926802722,20.69333385586782,14.784761544671204,48.846603
192,15,0,22,0,-153.45402468733872,82.587431765757,21.922003526762673,52.387283
193,15,0,23,0,-215.12870959321177,69.42448065710414,26.89108869915147,65.65834
194,15,0,23,1,-62.035459444449536,277.6522876864067,7.754432430556192,90.945015
195,15,1,16,0,262.6097752450489,9.98459487468682,262.6097752450489,5.274228
196,15,1,18,0,126.4237108035012,-9.091680491830175,42.1412369345004,9.357084
197,15,1,20,0,323.9504054943056,-3.2239553285882607,64.79008109886112,10.174779
198,15,1,20,1,9.263093507297583,-80.4996079335524,1.8526187014595166,5.8406796
199,15,1,21,0,248.9759310722664,-33.18127032640757,41.4959885120444,7.7611675
200,15,1,22,0,184.2304756529549,28.712827583481612,26.31863937899356,5.6925488
201,15,1,23,0,122.55579074708186,15.54987647482875,15.319473843385232,6.4204254
202,15,1,23,1,275.6490408958441,223.77768350413126,34.456130111980514,21.332045
203,16,0,18,0,-136.18606444154773,-19.076275366516995,68.09303222077386,24.001287
204,16,0,20,0,61.34063024925666,-13.208550203275081,15.335157562314166,23.711021
205,16,0,20,1,-253.34668173775134,-90.48420280823922,63.336670434437835,48.77209
206,16,0,21,0,-13.633844172782517,-43.16586520109439,2.7267688345565033,18.264252
207,16,0,22,0,-78.37929959209401,18.728232708794792,13.063216598682336,18.035799
208,16,0,23,0,-140.05398449796706,5.56528160014193,20.00771207113815,22.894676
209,16,0,23,1,13.039265650795159,213.79308862944444,1.8627522358278799,15.7715435
210,16,0,24,0,-203.80634166137094,19.21617794827506,25.475792707671367,0.4020595
211,18,0,20,0,197.5266946908044,5.867725163241914,98.7633473454022,16.270817
212,18,0,20,1,-117.16061729620361,-71.40792744172222,58.580308648101806,29.66404
213,18,0,21,0,122.55222026876521,-24.089589834577396,40.850740089588406,8.218545
214,18,0,22,0,57.806764849453714,37.80450807531179,14.451691212363428,12.948634
215,18,0,23,0,-3.8679200564193366,24.641556966658925,0.7735840112838673,18.884459
216,18,0,23,1,149.2253300923429,232.86936399596144,29.84506601846858,17.026937
217,18,0,24,0,-67.62027721982321,38.292453314792056,11.270046203303869,25.452389
218,18,0,25,0,188.24155379305108,18.647693882040528,26.89165054186444,12.583595
219,18,0,25,1,-122.97035136168529,-133.3299972108956,17.567193051669328,9.197201
220,18,0,26,0,118.11513884167772,53.39663263760656,14.764392355209715,17.51305
221,20,0,21,0,-74.97447442203918,-29.95731499781931,74.97447442203918,6.9137464
222,20,0,22,0,-139.71992984135068,31.936782912069873,69.85996492067534,6.846953
223,20,0,23,0,-201.39461474722373,18.77383180341701,67.13153824907458,7.2770452
224,20,0,23,1,-48.301364598461504,227.00163883271952,16.100454866153836,6.523495
225,20,0,24,0,-265.1469719106276,32.42472815155014,66.2867429776569,15.245749
226,20,0,25,0,-9.285140897753294,12.779968718798614,1.857028179550659,7.7837787
227,20,0,25,1,-320.4970460524897,-139.19772237413753,64.09940921049794,11.491273
228,20,0,26,0,-79.41155584912667,47.528907474364644,13.235259308187779,9.727857
229,20,0,27,0,-142.2131556850585,23.860450815529873,20.3161650978655,8.9895
230,20,0,28,0,-203.12660823085014,0.5815749245253414,25.390826028856267,9.171778
231,20,1,21,0,239.71283756496882,47.31833760714483,239.71283756496882,23.376978
232,20,1,22,0,174.96738214565733,109.21243551703401,87.48369107282866,18.425533
233,20,1,23,0,113.29269723978427,96.04948440838115,37.764232413261425,19.719088
234,20,1,23,1,266.38594738854647,304.27729143768363,88.79531579618215,47.677917
235,20,1,24,0,49.5403400763804,109.70038075651428,12.3850850190951,24.824871
236,20,1,25,0,305.4021710892547,90.05562132376275,61.080434217850936,16.482601
237,20,1,25,1,-5.809734065481678,-61.92206976917339,1.1619468130963355,12.21447
238,20,1,26,0,235.27575613788133,124.80456007932878,39.212626022980224,15.030746
239,20,1,27,0,172.4741563019495,101.13610342049401,24.639165185992788,20.320444
240,20,1,28,0,111.56070375615786,77.85722752948948,13.945087969519733,23.124617
241,21,0,22,0,-64.7454554193115,61.89409790988918,64.7454554193115,2.6409922
242,21,0,23,0,-126.42014032518455,48.73114680123632,63.210070162592274,6.654878
243,21,0,23,1,26.673109823577676,256.9589538305388,13.336554911788838,8.722322
244,21,0,24,0,-190.17249748858842,62.38204314936945,63.39083249619614,14.467519
245,21,0,25,0,65.68933352428589,42.737283716617924,16.42233338107147,6.1030645
246,21,0,25,1,-245.5225716304505,-109.24040737631822,61.380642907612625,7.5577946
247,21,0,26,0,-4.437081427087492,77.48622247218395,0.8874162854174983,9.167873
248,21,0,27,0,-67.23868126301932,53.81776581334918,11.206446877169887,5.777775
249,21,0,28,0,-128.15213380881096,30.53888992234465,18.307447686972996,3.6270332
250,21,0,29,0,-188.48655926290616,-9.017222710114197,23.56081990786327,3.90633
251,21,0,29,1,111.60273697179477,-7.217617622512591,13.950342121474346,3.4809225
252,22,0,23,0,-61.67468490587305,-13.162951108652862,61.67468490587305,3.3867319
253,22,0,23,1,91.41856524288917,195.06485592064965,91.41856524288917,11.794241
254,22,0,24,0,-125.42704206927692,0.48794523948026836,62.71352103463846,9.89695
255,22,0,25,0,130.43478894359737,-19.15681419327126,43.47826298119912,3.9313793
256,22,0,25,1,-180.777116211139,-171.1345052862074,60.25903873704633,7.404811
257,22,0,26,0,60.308373992224006,15.59212456229477,15.077093498056001,6.4416018
258,22,0,27,0,-2.493225843707819,-8.07633209654,0.4986451687415638,5.1664176
259,22,0,28,0,-63.40667838949946,-31.35520798754453,10.567779731583244,2.5955014
260,22,0,29,0,-123.74110384359466,-70.91132062000338,17.67730054908495,4.6258054
261,22,0,29,1,176.34819239110627,-69.11171553240177,25.192598913015182,5.656319
262,22,0,30,0,-183.07300782846926,-59.93612211350057,22.884125978558657,4.421257
263,22,0,30,1,98.1690736513848,-2.3343284801322284,12.2711342064231,1.5561589
264,23,0,24,0,-63.75235716340387,13.65089634813313,63.75235716340387,11.75668
265,23,0,25,0,192.10947384947042,-5.993863084618397,96.05473692473521,3.561167
266,23,0,25,1,-119.10243130526595,-157.97155417755454,59.551215652632976,9.030382
267,23,0,26,0,121.98305889809706,28.755075670947633,40.661019632699016,4.351829
268,23,0,27,0,59.18145906216523,5.0866190121128625,14.795364765541308,3.9914086
269,23,0,28,0,-1.731993483626411,-18.19225687889167,0.34639869672528223,4.7476625
270,23,0,29,0,-62.06641893772161,-57.74836951135052,10.344403156286935,8.784453
271,23,0,29,1,238.02287729697932,-55.94876442374891,39.670479549496555,9.603355
272,23,0,30,0,-121.39832292259621,-46.77317100484771,17.342617560370886,2.9959319
273,23,0,30,1,159.84375855725784,10.828622628520634,22.834822651036834,4.2922144
274,23,0,31,0,95.74926523019386,-34.19943564488,11.968658153774232,7.7066474
275,23,1,24,0,-216.8456073121661,-194.57691068116938,216.8456073121661,31.642773
276,23,1,25,0,39.01622370070821,-214.2216701139209,19.508111850354105,17.139256
277,23,1,25,1,-272.1956814540282,-366.199361206857,136.0978407270141,18.06916
278,23,1,26,0,-31.110191250665167,-179.47273135835488,10.370063750221723,22.15115
279,23,1,27,0,-93.91179108659699,-203.14118801718965,23.477947771649248,14.994851
280,23,1,28,0,-154.82524363238863,-226.42006390819418,30.965048726477725,11.022679
281,23,1,29,0,-215.15966908648383,-265.976176540653,35.85994484774731,12.498392
282,23,1,29,1,84.9296271482171,-264.17657145305145,14.154937858036183,5.89365
283,23,1,30,0,-274.4915730713584,-255.00097803415022,39.21308186733692,12.499744
284,23,1,30,1,6.750508408495634,-197.39918440078188,0.9643583440708048,12.709892
285,23,1,31,0,-57.34398491856837,-242.4272426741825,7.167998114821046,8.1995735
286,24,0,25,0,255.8618310128743,-19.644759432751528,255.8618310128743,12.137415
287,24,0,25,1,-55.35007414186208,-171.62245052568767,55.35007414186208,4.32884
288,24,0,26,0,185.73541606150093,15.104179322814502,92.86770803075046,13.493064
289,24,0,27,0,122.9338162255691,-8.564277336020268,40.97793874185637,14.203648
290,24,0,28,0,62.02036367977746,-31.8431532270248,15.505090919944365,13.027474
291,24,0,29,0,1.6859382256822641,-71.39926585948365,0.33718764513645283,16.93114
292,24,0,29,1,301.77523446038316,-69.59966077188204,60.35504689207663,16.139563
293,24,0,30,0,-57.645965759192336,-60.42406735298084,9.60766095986539,13.039219
294,24,0,30,1,223.59611572066171,-2.8222737196124967,37.26601928677695,9.892602
295,24,0,31,0,159.50162239359773,-47.85033199301313,22.785946056228248,15.558563
296,24,0,32,0,92.61000570290528,-40.84864238844136,11.57625071286316,14.882844
297,24,0,32,1,287.94348048004696,-163.92959611657682,35.99293506000587,3.7709734
298,25,0,26,0,-70.12641495137338,34.74893875556603,70.12641495137338,4.268364
299,25,0,27,0,-132.9280147873052,11.08048209673126,66.4640073936526,0.97793233
300,25,0,28,0,-193.84146733309683,-12.198393794273272,64.61382244436561,3.232096
301,25,0,29,0,-254.17589278719203,-51.75450642673212,63.54397319679801,4.55844
302,25,0,29,1,45.91340344750888,-49.954901339130515,11.47835086187722,8.371611
303,25,0,30,0,-313.5077967720666,-40.779307920229314,62.70155935441333,3.2440364
304,25,0,30,1,-32.265715292212576,16.82248571313903,6.453143058442516,3.6911876
305,25,0,31,0,-96.36020861927658,-28.2055725602616,16.06003476987943,6.8047366
306,25,0,32,0,-163.25182530996904,-21.203882955689835,23.321689329995575,6.40748
307,25,0,32,1,32.081649467172646,-144.2848366838253,4.583092781024663,30.109581
308,25,0,33,0,-228.09857392918076,-20.44070306717299,28.512321741147595,5.75322
309,25,0,33,1,-22.401921918914653,-15.197718722383854,2.8002402398643316,133.18208
310,25,1,26,0,241.085490203363,186.72662984850217,241.085490203363,9.755679
311,25,1,27,0,178.28389036743118,163.0581731896674,89.14194518371559,6.9613624
312,25,1,28,0,117.37043782163954,139.77929729866287,39.123479273879845,6.2868204
313,25,1,29,0,57.036012367544345,100.22318466620402,14.259003091886086,7.4278364
314,25,1,29,1,357.12530860224524,102.02278975380563,89.28132715056131,11.625799
315,25,1,30,0,-2.2958916173302555,111.19838317270683,0.4591783234660511,7.9144826
316,25,1,30,1,278.9461898625238,168.80017680607517,55.78923797250476,8.324714
317,25,1,31,0,214.8516965354598,123.77211853267454,35.8086160892433,7.3911166
318,25,1,32,0,147.96007984476736,130.7738081372463,21.137154263538196,7.6366954
319,25,1,32,1,343.29355462190904,7.692854409110851,49.04193637455843,5.700142
320,25,1,33,0,83.11333122555561,131.53698802576315,10.389166403194452,6.9948745
321,25,1,33,1,288.80998323582173,136.7799723705523,36.10124790447772,51.738605
322,26,0,27,0,-62.801599835931825,-23.66845665883477,62.801599835931825,4.3823566
323,26,0,28,0,-123.71505238172347,-46.9473325498393,61.85752619086173,7.187021
324,26,0,29,0,-184.04947783581866,-86.50344518229815,61.34982594527289,9.651568
325,26,0,29,1,116.03981839888226,-84.70384009469655,38.67993946629409,11.159991
326,26,0,30,0,-243.38138182069326,-75.52824667579534,60.845345455173316,6.2221804
327,26,0,30,1,37.8606996591608,-17.926453042427,9.4651749147902,7.8152413
328,26,0,31,0,-26.2337936679032,-62.95451131582763,5.24675873358064,10.218422
329,26,0,32,0,-93.12541035859564,-55.952821711255865,15.520901726432607,10.668018
330,26,0,32,1,102.20806441854603,-179.03377543939132,17.034677403091006,34.84228
331,26,0,33,0,-157.9721589778074,-55.18964182273902,22.567451282543914,9.027622
332,26,0,33,1,47.724493032458724,-49.946657477949884,6.817784718922675,141.67334
333,26,0,34,0,-221.65203980621027,-21.169582916390993,27.706504975776284,8.095896
334,26,0,34,1,127.41058647314453,-2.3841486091533852,15.926323309143067,261.89752
335,27,0,28,0,-60.91345254579164,-23.27887589100453,60.91345254579164,2.3344405
336,27,0,29,0,-121.24787799988684,-62.83498852346338,60.62393899994342,3.9302428
337,27,0,29,1,178.84141823481409,-61.035383435861775,89.42070911740704,9.668751
338,27,0,30,0,-180.57978198476144,-51.859790016960574,60.193260661587146,3.9448016
339,27,0,30,1,100.66229949509263,5.7420036164077715,33.55409983169754,5.42362
340,27,0,31,0,36.567806168028625,-39.28605465699286,9.141951542007156,6.1298623
341,27,0,32,0,-30.32381052266382,-32.284365052421094,6.064762104532764,6.006388
342,27,0,32,1,165.00966425447785,-155.36531878055655,33.00193285089557,23.51718
343,27,0,33,0,-95.17055914187557,-31.52118516390425,15.861759856979262,5.406897
344,27,0,33,1,110.52609286839055,-26.278200819115114,18.42101547806509,105.03865
345,27,0,34,0,-158.85043997027844,2.4988737424437772,22.692919995754064,5.318112
346,27,0,34,1,190.21218630907634,21.284308049681385,27.173169472725192,221.99808
347,27,0,35,0,122.37347860720939,-3.014868020468896,15.296684825901174,5.131125
348,28,0,29,0,-60.3344254540952,-39.55611263245885,60.3344254540952,2.3641584
349,28,0,29,1,239.75487078060573,-37.75650754485724,239.75487078060573,7.3375916
350,28,0,30,0,-119.6663294389698,-28.580914125956042,59.8331647194849,4.4338756
351,28,0,30,1,161.57575204088425,29.020879507412303,80.78787602044213,2.8431866
352,28,0,31,0,97.48125871382027,-16.00717876598833,32.49375290460676,3.7650788
353,28,0,32,0,30.589642023127823,-9.005489161416563,7.647410505781956,3.6668768
354,28,0,32,1,225.9231168002695,-132.08644288955202,56.480779200067374,19.799873
355,28,0,33,0,-34.25710659608393,-8.242309272899718,6.851421319216786,3.4709303
356,28,0,33,1,171.4395454141822,-2.999324928110582,34.287909082836435,91.493
357,28,0,34,0,-97.9369874244868,25.77774963344831,16.322831237414466,3.0218081
358,28,0,34,1,251.125638854868,44.56318394068592,41.854273142478,228.62474
359,28,0,35,0,183.28693115300103,20.264007870535636,26.183847307571575,2.4393666
360,28,0,36,0,108.47629098135502,63.48091278250968,13.559536372669378,8.160538
361,29,0,30,0,-59.3319039848746,10.975198506502807,59.3319039848746,6.814369
362,29,0,30,1,221.91017749497945,68.57699213987115,221.91017749497945,5.452798
363,29,0,31,0,157.81568416791546,23.54893386647052,78.90784208395773,3.9119217
364,29,0,32,0,90.92406747722302,30.550623471042286,30.308022492407673,5.278104
365,29,0,32,1,286.2575422543647,-92.53033025709317,95.4191807514549,22.43198
366,29,0,33,0,26.077318858011267,31.31380335955913,6.519329714502817,4.95172
367,29,0,33,1,231.7739708682774,36.55678770434827,57.94349271706935,95.99005
368,29,0,34,0,-37.602561970391605,65.33386226590716,7.520512394078321,4.562872
369,29,0,34,1,311.4600643089632,84.11929657314477,62.292012861792635,251.66324
370,29,0,35,0,243.62135660709623,59.820120502994484,40.603559434516036,2.7802155
371,29,0,36,0,168.81071643545022,103.03702541496853,24.115816633635745,6.6159763
372,29,0,37,0,111.97652888652169,20.40735201794098,13.997066110815211,4.342546
373,29,1,30,0,-359.4212002195755,9.175593418901201,359.4212002195755,7.0294156
374,29,1,30,1,-78.17911873972145,66.77738705226955,78.17911873972145,6.3841877
375,29,1,31,0,-142.27361206678546,21.749328778868914,71.13680603339273,3.3225255
376,29,1,32,0,-209.1652287574779,28.75101838344068,69.7217429191593,4.9542813
377,29,1,32,1,-13.83175398033623,-94.32993534469477,4.610584660112077,36.010315
378,29,1,33,0,-274.01197737668963,29.514198271957525,68.50299434417241,5.6523266
379,29,1,33,1,-68.31532536642354,34.75718261674666,17.078831341605884,138.39325
380,29,1,34,0,-337.6918582050925,63.53425717830555,67.5383716410185,4.1110325
381,29,1,34,1,11.37076807426228,82.31969148554316,2.274153614852456,254.6317
382,29,1,35,0,-56.467939627604686,58.02051541539288,9.411323271267447,4.719893
383,29,1,36,0,-131.2785797992507,101.23742032736692,18.754082828464387,11.259617
384,29,1,37,0,-188.11276734817923,18.607746930339374,23.514095918522404,6.841422
385,30,0,31,0,217.14758815279006,12.573735359967714,217.14758815279006,4.5925403
386,30,0,32,0,150.25597146209762,19.57542496453948,75.12798573104881,3.8300126
387,30,0,32,1,345.5894462392393,-103.50552876359598,172.79472311961965,26.625834
388,30,0,33,0,85.40922284288587,20.338604853056324,28.469740947628623,2.635548
389,30,0,33,1,291.105874853152,25.58158919784546,97.03529161771733,117.61851
390,30,0,34,0,21.729342014482995,54.35866375940435,5.432335503620749,2.9874568
391,30,0,34,1,370.7919682938378,73.14409806664196,92.69799207345945,234.44977
392,30,0,35,0,302.95326059197083,48.84492199649168,60.59065211839417,4.176208
393,30,0,36,0,228.14262042032482,92.06182690846572,38.023770070054134,12.265142
394,30,0,37,0,171.3084328713963,9.432153511438173,24.472633267342328,3.083913
395,30,0,38,0,109.44428981825058,-13.703012382836903,13.680536227281323,3.5067518
396,30,1,31,0,-64.094493327064,-45.02805827340063,64.094493327064,3.8088653
397,30,1,32,0,-130.98611001775646,-38.026368668828866,65.49305500887823,2.2304916
398,30,1,32,1,64.34736475938521,-161.10732239696432,32.17368237969261,25.104828
399,30,1,33,0,-195.83285863696818,-37.26318878031202,65.27761954565607,2.0446978
400,30,1,33,1,9.863793373297923,-32.020204435522885,3.287931124432641,118.785866
401,30,1,34,0,-259.51273946537106,-3.243129873963994,64.87818486634276,1.3614769
402,30,1,34,1,89.54988681398373,15.542304433273614,22.387471703495933,280.512
403,30,1,35,0,21.711179112116767,-8.756871636876667,4.342235822423353,1.8363818
404,30,1,36,0,-53.09946105952925,34.46003327509737,8.849910176588208,8.377653
405,30,1,37,0,-109.93364860845777,-48.16964012193017,15.704806944065396,1.0719843
406,30,1,38,0,-171.79779166160347,-71.30480601620525,21.474723957700434,1.6962842
407,31,0,32,0,-66.89161669069244,7.001689604571766,66.89161669069244,2.253252
408,31,0,32,1,128.44185808644923,-116.07926412356369,128.44185808644923,24.24221
409,31,0,33,0,-131.7383653099042,7.764869493088611,65.8691826549521,2.0014086
410,31,0,33,1,73.95828670036192,13.007853837877747,36.97914335018096,99.902145
411,31,0,34,0,-195.41824613830707,41.78492839943664,65.13941537943569,1.4108866
412,31,0,34,1,153.64438014104775,60.570362706674246,51.21479338034925,229.53358
413,31,0,35,0,85.80567243918077,36.271186636523964,21.451418109795192,2.4133549
414,31,0,36,0,10.995032267534754,79.488091548498,2.199006453506951,10.906395
415,31,0,37,0,-45.83915528139377,-3.1415818485295404,7.639859213565629,2.693895
416,31,0,38,0,-107.70329833453948,-26.276747742804616,15.386185476362783,1.8867115
417,31,0,39,0,-168.71727097775565,-15.328853282007174,21.089658872219456,1.8424399
418,32,0,33,0,-64.84674861921175,0.763179888516845,64.84674861921175,0.91005117
419,32,0,33,1,140.84990339105437,6.006164233305981,140.84990339105437,91.58964
420,32,0,34,0,-128.52662944761462,34.78323879486487,64.26331472380731,1.7234019
421,32,0,34,1,220.5359968317402,53.56867310210248,110.2679984158701,238.29875
422,32,0,35,0,152.6972891298732,29.2694970319522,50.899096376624406,4.347648
423,32,0,36,0,77.8866489582272,72.48640194392624,19.4716622395568,13.619975
424,32,0,37,0,21.052461409298672,-10.143271453101306,4.210492281859734,1.2731997
425,32,0,38,0,-40.81168164384704,-33.27843734737638,6.801946940641173,1.3233258
426,32,0,39,0,-101.8256542870632,-22.33054288657894,14.546522041009029,2.7536983
427,32,0,40,0,-158.76122896682736,-45.84308703067825,19.84515362085342,3.170768
428,32,0,40,1,146.1714620457626,79.20034244444469,18.271432755720326,101.77705
429,32,1,33,0,-260.1802233963534,123.8441336166523,260.1802233963534,19.820005
430,32,1,33,1,-54.4835713860873,129.08711796144144,54.4835713860873,17.176586
431,32,1,34,0,-323.8601042247563,157.86419252300033,161.93005211237815,24.772415
432,32,1,34,1,25.20252205459851,176.64962683023793,12.601261027299255,522.3912
433,32,1,35,0,-42.636185647268455,152.35045076008765,14.212061882422818,28.454409
434,32,1,36,0,-117.44682581891448,195.5673556720617,29.36170645472862,41.59056
435,32,1,37,0,-174.281013367843,112.93768227503415,34.8562026735686,17.409698
436,32,1,38,0,-236.1451564209887,89.80251638075907,39.35752607016479,19.23781
437,32,1,39,0,-297.1591290642049,100.75041084155652,42.451304152029266,23.17464
438,32,1,40,0,-354.09470374396903,77.2378666974572,44.26183796799613,26.64751
439,32,1,40,1,-49.16201273137907,202.28129617258014,6.145251591422384,178.70154
440,33,0,34,0,-63.67988082840287,34.02005890634803,63.67988082840287,1.5816823
441,33,0,34,1,285.3827454509519,52.805493213585635,285.3827454509519,213.0153
442,33,0,35,0,217.54403774908496,28.506317143435354,108.77201887454248,4.0046234
443,33,0,36,0,142.73339757743895,71.7232220554094,47.57779919247965,12.749276
444,33,0,37,0,85.89921002851042,-10.906451341618151,21.474802507127606,0.8694563
445,33,0,38,0,24.035066975364714,-34.04161723589323,4.807013395072943,1.2738503
446,33,0,39,0,-36.97890566785145,-23.093722775095785,6.163150944641909,2.574376
447,33,0,40,0,-93.91448034761561,-46.60626691919509,13.416354335373658,2.845473
448,33,0,40,1,211.01821066497433,78.43716255592784,30.145458666424904,91.59316
449,33,0,41,0,141.96349117602017,-3.087988517611791,17.74543639700252,129.98653
450,33,1,34,0,-269.376532838669,28.77707456155889,269.376532838669,106.22522
451,33,1,34,1,79.68609344068581,47.5625088687965,79.68609344068581,1488.4125
452,33,1,35,0,11.847385738818843,23.263332798646218,5.923692869409422,125.38166
453,33,1,36,0,-62.96325443282717,66.48023771062026,20.987751477609056,166.17401
454,33,1,37,0,-119.7974419817557,-16.149435686407287,29.949360495438924,81.17033
455,33,1,38,0,-181.6615850349014,-39.28460158068236,36.33231700698028,84.64194
456,33,1,39,0,-242.67555767811757,-28.33670711988492,40.44592627968626,100.97633
457,33,1,40,0,-299.61113235788173,-51.84925126398423,42.80159033684025,107.381966
458,33,1,40,1,5.321558654708227,73.1941782111387,0.7602226649583181,537.5092
459,33,1,41,0,-63.73316083424595,-8.330972862400927,7.966645104280744,528.8951
460,34,0,35,0,281.22391857748784,-5.513741762912673,281.22391857748784,2.0064847
461,34,0,36,0,206.41327840584182,37.70316314906137,103.20663920292091,9.575556
462,34,0,37,0,149.5790908569133,-44.92651024796618,49.85969695230443,1.5342234
463,34,0,38,0,87.71494780376759,-68.06167614224125,21.928736950941897,0.6621681
464,34,0,39,0,26.700975160551423,-57.11378168144381,5.340195032110285,0.93195516
465,34,0,40,0,-30.234599519212736,-80.62632582554312,5.039099919868789,2.385389
466,34,0,40,1,274.6980914933772,44.417103649579815,45.7830152488962,122.19005
467,34,0,41,0,205.64337200442304,-37.10804742395982,29.377624572060434,161.06198
468,34,0,42,0,137.9391093117409,-35.25039470956057,17.242388663967613,4.669711
469,34,1,35,0,-67.83870770186697,-24.29917607015028,67.83870770186697,273.83636
470,34,1,36,0,-142.64934787351297,18.91772884182376,71.32467393675648,302.78842
471,34,1,37,0,-199.4835354224415,-63.711944555203786,66.49451180748049,251.94423
472,34,1,38,0,-261.3476784755872,-86.84711044947886,65.3369196188968,240.07295
473,34,1,39,0,-322.36165111880337,-75.89921598868142,64.47233022376068,237.52293
474,34,1,40,0,-379.2972257985675,-99.41176013278073,63.21620429976125,226.58714
475,34,1,40,1,-74.36453478597758,25.631669342342207,12.394089130996264,337.85214
476,34,1,41,0,-143.41925427493175,-55.893481731197426,20.488464896418822,404.0049
477,34,1,42,0,-211.1235169676139,-54.035829016798175,26.39043962095174,309.03485
478,35,0,36,0,-74.81064017164601,43.21690491197404,74.81064017164601,6.7217383
479,35,0,37,0,-131.64482772057454,-39.412768485053505,65.82241386028727,3.478872
480,35,0,38,0,-193.50897077372025,-62.54793437932858,64.50299025790675,3.3583245
481,35,0,39,0,-254.5229434169364,-51.60003991853114,63.6307358542341,1.6427028
482,35,0,40,0,-311.4585180967006,-75.11258406263045,62.29170361934011,3.142589
483,35,0,40,1,-6.525827084110617,49.93084541249249,1.3051654168221234,139.09065
484,35,0,41,0,-75.5805465730648,-31.594305661047144,12.596757762177466,181.65897
485,35,0,42,0,-143.28480926574693,-29.736652946647894,20.469258466535276,2.60169
486,35,0,43,0,-207.69263760235037,-27.172281672989584,25.961579700293797,8.231102
487,35,0,43,1,70.44001567675244,7.931436328418158,8.805001959594055,2.687845
488,36,0,37,0,-56.834187548928526,-82.62967339702755,56.834187548928526,13.246916
489,36,0,38,0,-118.69833060207424,-105.76483929130262,59.34916530103712,12.761499
490,36,0,39,0,-179.7123032452904,-94.81694483050518,59.904101081763464,9.477813
491,36,0,40,0,-236.64787792505456,-118.32948897460449,59.16196948126364,9.7067
492,36,0,40,1,68.2848130875354,6.713940500518447,17.07120327188385,153.83437
493,36,0,41,0,-0.7699064014187798,-74.81121057302119,0.15398128028375596,200.43062
494,36,0,42,0,-68.47416909410092,-72.95355785862193,11.412361515683486,9.461021
495,36,0,43,0,-132.88199743070436,-70.38918658496362,18.983142490100622,15.28038
496,36,0,43,1,145.25065584839845,-35.28546858355588,20.75009369262835,11.121792
497,36,0,44,0,-196.15110508688485,-56.73313584690641,24.518888135860607,18.402723
498,36,0,44,1,77.98304287763318,-57.46695048279912,9.747880359704148,14.181252
499,37,0,38,0,-61.86414305314571,-23.135165894275076,61.86414305314571,0.68808633
500,37,0,39,0,-122.87811569636187,-12.187271433477633,61.43905784818094,1.9305255
501,37,0,40,0,-179.81369037612603,-35.69981557757694,59.93789679204201,3.7343073
502,37,0,40,1,125.11900063646392,89.34361389754599,41.70633354548797,94.59649
503,37,0,41,0,56.064281147509746,7.81846282400636,14.016070286877437,125.104225
504,37,0,42,0,-11.63998154517239,9.676115538405611,2.3279963090344777,4.4105372
505,37,0,43,0,-76.04780988177583,12.24048681206392,12.674634980295972,3.798064
506,37,0,43,1,202.08484339732698,47.34420481347166,33.68080723288783,0.41954532
507,37,0,44,0,-139.31691753795633,25.89653755012114,19.90241679113662,4.3904443
508,37,0,44,1,134.8172304265617,25.162722914228425,19.259604346651674,2.8259642
509,37,0,45,0,65.82520117908012,21.145111193912896,8.228150147385016,2.534813
510,38,0,39,0,-61.013972643216164,10.947894460797443,61.013972643216164,1.2296407
511,38,0,40,0,-117.94954732298032,-12.564649683301866,58.97477366149016,2.907023
512,38,0,40,1,186.98314368960962,112.47877979182107,93.49157184480481,102.64558
513,38,0,41,0,117.92842420065546,30.953628718281436,39.309474733551816,132.97649
514,38,0,42,0,50.22416150797332,32.81128143268069,12.55604037699333,4.721966
515,38,0,43,0,-14.183666828630123,35.375652706339,2.8367333657260247,4.5026984
516,38,0,43,1,263.9489864504727,70.47937070774674,52.78979729009454,1.020087
517,38,0,44,0,-77.45277448481062,49.031703444396214,12.908795747468437,3.7673676
518,38,0,44,1,196.68137347970742,48.2978888085035,32.78022891328457,3.1589777
519,38,0,45,0,127.68934423222584,44.28027708818797,18.241334890317976,3.0479133
520,38,0,46,0,61.77191123572305,40.22432138137282,7.721488904465382,1.9309542
521,39,0,40,0,-56.93557467976416,-23.51254414409931,56.93557467976416,2.854038
522,39,0,40,1,247.99711633282578,101.53088533102363,247.99711633282578,121.560394
523,39,0,41,0,178.94239684387162,20.005734257483994,89.47119842193581,157.3392
524,39,0,42,0,111.23813415118948,21.863386971883244,37.07937805039649,4.032509
525,39,0,43,0,46.83030581458604,24.427758245541554,11.70757645364651,5.5254693
526,39,0,43,1,324.9629590936889,59.531476246949296,81.24073977342222,1.7144108
527,39,0,44,0,-16.438801841594454,38.08380898359877,3.287760368318891,2.2316813
528,39,0,44,1,257.6953461229236,37.34999434770606,51.539069224584715,4.218871
529,39,0,45,0,188.703316875442,33.33238262739053,31.450552812573665,4.79897
530,39,0,46,0,122.78588387893922,29.276426920575375,17.540840554134174,3.5863466
531,40,0,41,0,235.87797152363578,43.5182784015833,235.87797152363578,144.02902
532,40,0,42,0,168.17370883095364,45.37593111598255,84.08685441547682,5.40456
533,40,0,43,0,103.7658804943502,47.94030238964086,34.588626831450064,8.253696
534,40,0,43,1,381.89853377345304,83.0440203910486,127.29951125781768,3.76306
535,40,0,44,0,40.496772838169704,61.59635312769808,10.124193209542426,4.5536785
536,40,0,44,1,314.63092080268774,60.86253849180537,78.65773020067193,4.38083
537,40,0,45,0,245.63889155520616,56.84492677148984,49.12777831104123,4.8411903
538,40,0,46,0,179.72145855870338,52.78897106467468,29.953576426450564,3.7929492
539,40,0,48,0,329.94264491359763,35.00846599683206,41.242830614199704,3.315378
540,40,0,48,1,60.68603522231399,47.23608698163406,7.585754402789249,3.8398833
541,40,1,41,0,-69.05471948895418,-81.52515107353963,69.05471948895418,192.33276
542,40,1,42,0,-136.75898218163633,-79.66749835914038,68.37949109081816,103.52297
543,40,1,43,0,-201.16681051823974,-77.10312708548207,67.05560350607992,93.835945
544,40,1,43,1,76.96584276086305,-41.99940908407433,25.655280920287684,113.153244
545,40,1,44,0,-264.43591817442024,-63.447076347424854,66.10897954360506,153.03716
546,40,1,44,1,9.698229790097784,-64.18089098331757,2.424557447524446,99.7227
547,40,1,45,0,-59.2937994573838,-68.1985027036331,11.85875989147676,86.8102
548,40,1,46,0,-125.21123245388658,-72.25445841044825,20.86853874231443,82.67421
549,40,1,48,0,25.00995390100765,-90.03496347829088,3.126244237625956,118.0673
550,40,1,48,1,-244.24665579027595,-77.80734249348887,30.530831973784494,160.23265
551,41,0,42,0,-67.70426269268214,1.8576527143992507,67.70426269268214,104.03313
552,41,0,43,0,-132.11209102928558,4.4220239880575605,66.05604551464279,110.67618
553,41,0,43,1,146.02056224981723,39.5257419894653,73.01028112490862,148.06757
554,41,0,44,0,-195.38119868546607,18.078074726114778,65.12706622848869,150.8119
555,41,0,44,1,78.75294927905196,17.344260090222065,26.25098309301732,140.97592
556,41,0,45,0,9.760920031570379,13.326648369906536,2.4402300078925947,123.13819
557,41,0,46,0,-56.1565129649324,9.270692663091381,11.23130259298648,112.710175
558,41,0,48,0,94.06467338996183,-8.509812404751244,13.437810484280261,154.32549
559,41,0,48,1,-175.1919363013218,3.7178085800507574,25.0274194716174,209.05322
560,42,0,43,0,-64.40782833660344,2.5643712736583097,64.40782833660344,4.1547494
561,42,0,43,1,213.72482494249937,37.66808927506605,213.72482494249937,4.8619323
562,42,0,44,0,-127.67693599278394,16.220422011715527,63.83846799639197,2.9012012
563,42,0,44,1,146.4572119717341,15.486607375822814,73.22860598586705,8.203889
564,42,0,45,0,77.46518272425251,11.468995655507285,25.821727574750838,7.306313
565,42,0,46,0,11.547749727749732,7.413039948692131,2.886937431937433,5.2855363
566,42,0,48,0,161.76893608264396,-10.367465119150495,26.961489347107328,6.177177
567,42,0,48,1,-107.48767360863965,1.8601558656515067,17.91461226810661,3.2203932
568,43,0,44,0,-63.269107656180495,13.656050738057218,63.269107656180495,6.6663074
569,43,0,44,1,210.86504030833754,12.922236102164504,210.86504030833754,6.46731
570,43,0,45,0,141.87301106085596,8.904624381848976,70.93650553042798,4.122231
571,43,0,46,0,75.95557806435318,4.848668675033821,25.31852602145106,3.7391484
572,43,0,48,0,226.1767644192474,-12.931836392808805,45.23535288384948,6.1409254
573,43,0,48,1,-43.07984527203621,-0.704215408006803,8.615969054407241,8.955174
574,43,1,44,0,-341.40176093528333,-21.447667263350525,341.40176093528333,5.4008746
575,43,1,44,1,-67.26761297076527,-22.181481899243238,67.26761297076527,2.8504229
576,43,1,45,0,-136.25964221824685,-26.199093619558766,68.12982110912343,3.252153
577,43,1,46,0,-202.17707521474964,-30.25504932637392,67.39235840491655,1.9978069
578,43,1,48,0,-51.95588885985541,-48.03555439421655,10.391177771971083,0.8099349
579,43,1,48,1,-321.21249855113905,-35.807933409414545,64.2424997102278,3.4098735
580,44,0,45,0,205.14211871703645,-4.751426356208242,205.14211871703645,8.551011
581,44,0,46,0,139.22468572053367,-8.807382063023397,69.61234286026684,5.7933307
582,44,0,48,0,289.4458720754279,-26.587887130866022,72.36146801885698,7.2334194
583,44,0,48,1,20.189262384144286,-14.36026614606402,5.047315596036071,2.1967711
584,44,1,45,0,-68.99202924748158,-4.017611720315529,68.99202924748158,1.8638747
585,44,1,46,0,-134.90946224398436,-8.073567427130683,67.45473112199218,1.8003927
586,44,1,48,0,15.311724110909864,-25.85407249497331,3.827931027727466,2.1288862
587,44,1,48,1,-253.94488558037375,-13.626451510171307,63.48622139509344,7.155857
588,45,0,46,0,-65.91743299650278,-4.055955706815155,65.91743299650278,1.3542696
589,45,0,48,0,84.30375335839145,-21.83646077465778,28.101251119463814,2.4390345
590,45,0,48,1,-184.95285633289217,-9.608839789855779,61.650952110964056,8.125833
591,46,0,48,0,150.22118635489423,-17.780505067842626,75.11059317744711,1.0531029
592,46,0,48,1,-119.03542333638939,-5.552884083040624,59.51771166819469,6.689279
