epoch,time,train/box_loss,train/seg_loss,train/cls_loss,train/dfl_loss,metrics/precision(B),metrics/recall(B),metrics/mAP50(B),metrics/mAP50-95(B),metrics/precision(M),metrics/recall(M),metrics/mAP50(M),metrics/mAP50-95(M),val/box_loss,val/seg_loss,val/cls_loss,val/dfl_loss,lr/pg0,lr/pg1,lr/pg2
1,10.1632,3.20777,4.56391,3.8972,2.8348,0.00167,0.21429,0.00229,0.00048,0.00111,0.14286,0.00135,0.00033,4.35138,4.269,3.84954,3.27126,2e-05,2e-05,2e-05
2,11.4932,3.13865,4.93794,3.61042,2.64804,0.00111,0.14286,0.00121,0.0005,0.00056,0.07143,0.00106,0.00031,4.36457,4.27745,3.90545,3.29891,5.9901e-05,5.9901e-05,5.9901e-05
3,12.9682,3.4329,4.67317,3.65878,2.88199,0.00111,0.14286,0.00122,0.00046,0.00111,0.14286,0.00276,0.00081,4.29128,3.89325,3.64559,3.11188,9.967e-05,9.967e-05,9.967e-05
4,14.3172,2.84798,3.95814,3.43804,2.44918,0.00444,0.57143,0.03776,0.00839,0.00056,0.07143,0.01901,0.0076,3.51971,4.08693,3.44062,2.54461,0.000139307,0.000139307,0.000139307
5,15.6702,2.33953,3.02703,3.00221,2.03998,0.00722,0.92857,0.22251,0.04408,0.00167,0.21429,0.04899,0.00986,2.64576,4.62046,3.17627,2.08107,0.000178812,0.000178812,0.000178812
6,17.0144,2.56718,3.30717,2.89037,2.13489,0.00611,0.78571,0.33825,0.10593,0.00333,0.42857,0.24666,0.05925,2.14197,4.10692,3.16112,2.02946,0.000218185,0.000218185,0.000218185
7,18.3854,2.22111,2.78153,2.53967,1.86837,0.00667,0.85714,0.22733,0.07623,0.00389,0.5,0.26006,0.07848,2.08716,3.15113,3.13824,2.06708,0.000257426,0.000257426,0.000257426
8,21.3603,2.26503,2.87713,2.61542,1.88193,0.00611,0.78571,0.0793,0.02468,0.005,0.64286,0.24584,0.04167,2.07964,2.94213,3.2763,2.20734,0.000296535,0.000296535,0.000296535
9,23.9365,2.39228,3.00247,2.59317,1.96617,0.00611,0.78571,0.06513,0.01815,0.00333,0.42857,0.06433,0.02351,2.20731,2.93743,3.31882,2.31414,0.000335512,0.000335512,0.000335512
10,25.7899,2.14894,2.66886,2.56386,1.83468,0.00611,0.78571,0.08829,0.0225,0.00444,0.57143,0.19802,0.04408,2.2574,2.86778,3.34037,2.25707,0.000374357,0.000374357,0.000374357
11,27.0989,2.14373,2.58588,2.4297,1.80137,0.00611,0.78571,0.05751,0.01605,0.00444,0.57143,0.27525,0.0705,2.39517,2.76617,3.31449,2.12341,0.00041307,0.00041307,0.00041307
12,28.4269,2.09845,2.34546,2.42074,1.77263,0.00611,0.78571,0.05927,0.01734,0.00444,0.57143,0.26556,0.0616,2.54899,2.63878,3.33061,2.20164,0.000451651,0.000451651,0.000451651
13,29.7831,1.89232,2.32347,2.25406,1.66425,0.00556,0.71429,0.0397,0.01388,0.005,0.64286,0.12467,0.03785,2.65472,2.50652,3.44073,2.24469,0.0004901,0.0004901,0.0004901
14,31.0481,2.09508,2.76986,2.43335,1.76873,0.00556,0.71429,0.03672,0.00806,0.005,0.64286,0.18587,0.04613,2.52566,2.39586,3.58288,2.16916,0.000528417,0.000528417,0.000528417
15,32.3283,1.98109,2.28496,2.25564,1.66344,0.00444,0.57143,0.00804,0.00346,0.005,0.64286,0.14078,0.04248,2.59288,2.39998,3.58999,2.16528,0.000566602,0.000566602,0.000566602
16,33.6344,1.90523,2.22809,2.18088,1.66475,0.00444,0.57143,0.00852,0.00317,0.005,0.64286,0.11379,0.03413,2.66617,2.42989,3.60856,2.25893,0.000604655,0.000604655,0.000604655
17,35.6101,1.97524,2.3224,2.34193,1.6881,0.00444,0.57143,0.02196,0.00475,0.00556,0.71429,0.19852,0.03637,2.62437,2.50139,3.53286,2.25891,0.000642576,0.000642576,0.000642576
18,37.6611,1.97776,2.29411,2.31137,1.68819,0.00556,0.71429,0.07508,0.01949,0.00556,0.71429,0.1458,0.02491,2.56616,2.54818,3.42693,2.16038,0.000680365,0.000680365,0.000680365
19,39.0501,1.85202,2.06113,2.28002,1.65024,0.005,0.64286,0.12896,0.03661,0.00444,0.57143,0.11369,0.03076,2.80663,2.6203,3.41815,2.32035,0.000718022,0.000718022,0.000718022
20,40.5031,1.87032,2.22046,2.34057,1.61522,0.00556,0.71429,0.14444,0.03169,0.00389,0.5,0.13419,0.04644,2.92443,2.94396,3.37235,2.39452,0.000755547,0.000755547,0.000755547
21,41.7755,1.91807,2.26324,2.15574,1.63616,0.005,0.64286,0.12436,0.02561,0.005,0.64286,0.20447,0.06904,3.10739,3.40148,3.5099,2.65228,0.00079294,0.00079294,0.00079294
22,43.0845,2.03143,2.14214,2.16104,1.65627,0.00444,0.57143,0.09459,0.02128,0.00389,0.5,0.16041,0.04252,3.17895,4.1871,3.6353,2.65303,0.000830201,0.000830201,0.000830201
23,44.3778,1.96148,1.93872,2.12709,1.70375,0.00389,0.5,0.06121,0.01035,0.00278,0.35714,0.05457,0.01319,3.25902,4.79906,3.76042,2.88643,0.00086733,0.00086733,0.00086733
24,45.6558,1.92607,2.14339,2.23869,1.69284,0.00222,0.28571,0.01863,0.00418,0.00333,0.42857,0.02421,0.00697,3.69983,4.66715,3.68433,3.11464,0.000904327,0.000904327,0.000904327
25,46.926,1.90625,2.01656,2.02264,1.60925,0.00444,0.57143,0.11714,0.03356,0.00278,0.35714,0.03628,0.00676,3.44244,4.47162,3.62021,2.81112,0.000941192,0.000941192,0.000941192
26,48.372,2.06055,2.28967,2.19704,1.68753,0.00556,0.71429,0.11893,0.02597,0.16953,0.21429,0.08422,0.03272,3.08373,3.84613,3.52008,2.45443,0.000977925,0.000977925,0.000977925
27,50.1028,2.09679,2.51174,2.33017,1.70232,0.04257,0.5,0.078,0.02056,0.52903,0.14286,0.23809,0.07113,2.58851,2.94225,3.19013,2.40435,0.00101453,0.00101453,0.00101453
28,51.9618,2.09582,2.0589,2.35582,1.68525,0.04257,0.5,0.078,0.02056,0.52903,0.14286,0.23809,0.07113,2.58851,2.94225,3.19013,2.40435,0.00105099,0.00105099,0.00105099
29,53.233,2.01394,2.0779,2.20188,1.66159,0.06615,0.35714,0.0713,0.01461,0.06812,0.35714,0.10898,0.03358,2.22797,2.56452,3.21827,2.33149,0.00108733,0.00108733,0.00108733
30,54.561,1.94904,2.2427,2.3238,1.63017,0.25165,0.21429,0.14925,0.04177,0.17553,0.14286,0.09058,0.03174,2.05303,2.32115,3.15569,2.14675,0.00112354,0.00112354,0.00112354
31,55.77,2.03171,2.37921,2.36092,1.69065,0.25165,0.21429,0.14925,0.04177,0.17553,0.14286,0.09058,0.03174,2.05303,2.32115,3.15569,2.14675,0.00115961,0.00115961,0.00115961
32,57.1121,1.96721,2.28905,2.40922,1.7477,0.01891,0.5,0.10337,0.02504,0.01351,0.35714,0.05665,0.01075,2.24691,2.72821,3.16499,2.46059,0.00119555,0.00119555,0.00119555
33,58.4531,2.17257,2.16714,2.27689,1.78841,0.12716,0.14286,0.05977,0.01864,0.27361,0.07143,0.03039,0.00891,2.4575,3.377,3.14666,2.74943,0.00123136,0.00123136,0.00123136
34,59.6491,1.96139,2.12553,2.03918,1.63005,0.12716,0.14286,0.05977,0.01864,0.27361,0.07143,0.03039,0.00891,2.4575,3.377,3.14666,2.74943,0.00126704,0.00126704,0.00126704
35,60.9501,2.01252,2.24483,2.18046,1.63837,0.69064,0.21429,0.20657,0.02823,0.60018,0.14286,0.12634,0.01367,2.68598,4.16891,3.2798,3.55036,0.00130258,0.00130258,0.00130258
36,62.2214,1.82299,1.99408,2.15571,1.58763,0.57216,0.21429,0.18302,0.02804,0.65694,0.07143,0.08031,0.00906,2.7347,4.66696,2.97215,3.33713,0.001338,0.001338,0.001338
37,63.4924,1.9307,1.90853,2.31379,1.77651,0.57216,0.21429,0.18302,0.02804,0.65694,0.07143,0.08031,0.00906,2.7347,4.66696,2.97215,3.33713,0.00137328,0.00137328,0.00137328
38,65.7568,1.95763,2.00743,2.0846,1.68327,0.29172,0.28571,0.16815,0.04999,0.22152,0.21429,0.07697,0.01589,2.70024,4.04626,3.05833,2.43477,0.00140843,0.00140843,0.00140843
39,67.1663,1.96949,2.52347,2.18537,1.68927,0.08908,0.28571,0.12565,0.04298,0.84767,0.07143,0.09346,0.01998,2.90273,3.51964,3.20018,2.36758,0.00144344,0.00144344,0.00144344
40,68.3703,1.81725,2.04779,2.12862,1.6494,0.08908,0.28571,0.12565,0.04298,0.84767,0.07143,0.09346,0.01998,2.90273,3.51964,3.20018,2.36758,0.00147833,0.00147833,0.00147833
41,69.6736,1.8673,2.16989,2.15725,1.63305,0.17055,0.14286,0.1137,0.04612,0.42814,0.07143,0.09708,0.01825,3.76117,3.16217,3.60896,2.92181,0.00151308,0.00151308,0.00151308
42,70.9896,1.8227,2.07063,2.04066,1.55355,0.11057,0.35714,0.13723,0.04126,0.22775,0.35714,0.16633,0.05147,3.28607,2.92525,3.16457,2.46839,0.0015477,0.0015477,0.0015477
43,72.2317,1.7769,1.92926,1.98698,1.52106,0.11057,0.35714,0.13723,0.04126,0.22775,0.35714,0.16633,0.05147,3.28607,2.92525,3.16457,2.46839,0.00158219,0.00158219,0.00158219
44,73.5567,2.02645,2.3839,2.13272,1.65285,0.45072,0.35714,0.25765,0.0384,0.85749,0.21429,0.29004,0.10323,2.80374,2.55952,2.93592,2.27818,0.00161655,0.00161655,0.00161655
45,74.756,1.87579,2.37702,2.09436,1.63676,0.45072,0.35714,0.25765,0.0384,0.85749,0.21429,0.29004,0.10323,2.80374,2.55952,2.93592,2.27818,0.00165077,0.00165077,0.00165077
46,76.1422,1.85465,2.46383,2.0345,1.54684,0.32133,0.28571,0.22848,0.0359,0.51922,0.28571,0.32978,0.12306,2.72826,2.7946,3.03691,2.45403,0.00168487,0.00168487,0.00168487
47,77.3542,1.80766,2.05776,1.99495,1.46983,0.32133,0.28571,0.22848,0.0359,0.51922,0.28571,0.32978,0.12306,2.72826,2.7946,3.03691,2.45403,0.00171883,0.00171883,0.00171883
48,78.6912,1.91126,2.164,2.03713,1.59723,0.15872,0.35714,0.18768,0.03708,1,0.2841,0.42293,0.15628,2.89115,2.70323,2.78542,2.3519,0.00175265,0.00175265,0.00175265
49,80.8689,2.01281,2.21266,2.11548,1.66057,0.15872,0.35714,0.18768,0.03708,1,0.2841,0.42293,0.15628,2.89115,2.70323,2.78542,2.3519,0.00178635,0.00178635,0.00178635
50,82.203,1.86457,2.06576,2.01601,1.6325,0.29184,0.42857,0.32292,0.11239,0.31942,0.42857,0.31388,0.13207,2.41431,2.6774,2.19267,1.85571,0.00181992,0.00181992,0.00181992
51,83.4722,1.84306,1.74212,1.98311,1.51822,0.29184,0.42857,0.32292,0.11239,0.31942,0.42857,0.31388,0.13207,2.41431,2.6774,2.19267,1.85571,0.001835,0.001835,0.001835
52,84.8572,2.07212,2.35624,2.15548,1.69871,0.16619,0.35714,0.13916,0.05488,0.24599,0.42857,0.1785,0.06292,2.59201,2.75043,2.64213,2.18528,0.0018317,0.0018317,0.0018317
53,86.1012,1.8805,2.07604,1.97993,1.5166,0.16619,0.35714,0.13916,0.05488,0.24599,0.42857,0.1785,0.06292,2.59201,2.75043,2.64213,2.18528,0.0018284,0.0018284,0.0018284
54,87.3912,1.89296,2.17084,2.03861,1.55449,0.08433,0.35714,0.07143,0.01608,0.42499,0.21429,0.17051,0.03059,3.26768,2.96165,3.17145,2.51715,0.0018251,0.0018251,0.0018251
55,88.6323,1.88076,2.3504,2.06506,1.55347,0.08433,0.35714,0.07143,0.01608,0.42499,0.21429,0.17051,0.03059,3.26768,2.96165,3.17145,2.51715,0.0018218,0.0018218,0.0018218
56,89.9223,1.93527,2.41146,2.18362,1.61248,0.15574,0.28571,0.11006,0.02432,0.68136,0.21429,0.28299,0.0687,2.82433,2.49979,3.07566,2.29925,0.0018185,0.0018185,0.0018185
57,91.2923,1.9095,1.87437,1.97511,1.62676,0.15574,0.28571,0.11006,0.02432,0.68136,0.21429,0.28299,0.0687,2.82433,2.49979,3.07566,2.29925,0.0018152,0.0018152,0.0018152
58,92.7293,1.81338,1.81944,1.96081,1.54021,0.85762,0.14286,0.22337,0.05989,0.70844,0.42857,0.48678,0.16573,2.8165,2.35791,2.54423,2.16669,0.0018119,0.0018119,0.0018119
59,94.0444,1.79389,2.27837,1.99445,1.59847,0.85762,0.14286,0.22337,0.05989,0.70844,0.42857,0.48678,0.16573,2.8165,2.35791,2.54423,2.16669,0.0018086,0.0018086,0.0018086
60,98.3638,1.72065,1.9228,1.85558,1.51038,0.67532,0.21429,0.29898,0.06247,0.4459,0.5,0.41061,0.13166,2.59539,2.46416,2.67548,2.12085,0.0018053,0.0018053,0.0018053
61,99.695,1.76124,1.74098,1.94328,1.57741,0.67532,0.21429,0.29898,0.06247,0.4459,0.5,0.41061,0.13166,2.59539,2.46416,2.67548,2.12085,0.001802,0.001802,0.001802
62,101.105,1.67755,1.70404,1.94318,1.57165,0.53803,0.21429,0.26615,0.05894,0.71343,0.35586,0.42377,0.1558,2.64785,2.7568,3.369,2.18599,0.0017987,0.0017987,0.0017987
63,102.317,1.82043,2.05184,2.14321,1.64154,0.53803,0.21429,0.26615,0.05894,0.71343,0.35586,0.42377,0.1558,2.64785,2.7568,3.369,2.18599,0.0017954,0.0017954,0.0017954
64,103.621,1.55965,1.46685,1.81709,1.43803,0.14994,0.28571,0.12141,0.04213,0.74057,0.35714,0.36875,0.13102,2.38163,3.20686,3.61038,2.10288,0.0017921,0.0017921,0.0017921
65,104.865,1.73356,1.90921,1.8327,1.60354,0.14994,0.28571,0.12141,0.04213,0.74057,0.35714,0.36875,0.13102,2.38163,3.20686,3.61038,2.10288,0.0017888,0.0017888,0.0017888
66,106.243,1.71672,2.0229,1.8849,1.54297,0.29484,0.28571,0.21709,0.07657,0.6684,0.21429,0.2089,0.0741,2.32324,2.96105,3.01623,2.13784,0.0017855,0.0017855,0.0017855
67,107.491,1.75136,1.93984,1.96764,1.56917,0.29484,0.28571,0.21709,0.07657,0.6684,0.21429,0.2089,0.0741,2.32324,2.96105,3.01623,2.13784,0.0017822,0.0017822,0.0017822
68,108.807,1.73489,1.97648,1.87764,1.56551,0.30412,0.28571,0.2531,0.06872,0.445,0.28571,0.30743,0.12896,2.19202,2.91714,2.77224,2.09644,0.0017789,0.0017789,0.0017789
69,110.919,1.74811,1.76125,1.83887,1.54162,0.30412,0.28571,0.2531,0.06872,0.445,0.28571,0.30743,0.12896,2.19202,2.91714,2.77224,2.09644,0.0017756,0.0017756,0.0017756
70,112.298,1.69603,1.93713,1.79722,1.5073,0.29525,0.42857,0.30411,0.08448,0.4428,0.28571,0.25416,0.11491,2.15401,2.60827,2.68108,2.03665,0.0017723,0.0017723,0.0017723
71,113.575,1.68644,1.81318,1.75883,1.46562,0.29525,0.42857,0.30411,0.08448,0.4428,0.28571,0.25416,0.11491,2.15401,2.60827,2.68108,2.03665,0.001769,0.001769,0.001769
72,114.986,1.77487,2.06412,1.90644,1.56222,0.74429,0.21429,0.34357,0.09986,0.74429,0.21429,0.27056,0.13611,2.33471,2.39721,2.54197,1.99583,0.0017657,0.0017657,0.0017657
73,116.21,1.71301,1.6878,1.73554,1.52766,0.74429,0.21429,0.34357,0.09986,0.74429,0.21429,0.27056,0.13611,2.33471,2.39721,2.54197,1.99583,0.0017624,0.0017624,0.0017624
74,117.513,1.71574,1.76571,1.72029,1.58744,0.35112,0.28571,0.26853,0.08349,0.4444,0.35714,0.29129,0.09955,2.24071,2.92764,2.58438,1.82115,0.0017591,0.0017591,0.0017591
75,118.769,1.76642,1.63516,1.93893,1.56771,0.35112,0.28571,0.26853,0.08349,0.4444,0.35714,0.29129,0.09955,2.24071,2.92764,2.58438,1.82115,0.0017558,0.0017558,0.0017558
76,120.088,1.7555,2.13539,1.83453,1.52354,0.41817,0.28571,0.33328,0.09988,0.52853,0.35714,0.36145,0.1475,2.44828,2.59628,2.40323,1.98883,0.0017525,0.0017525,0.0017525
77,121.336,1.58566,1.77275,1.71756,1.44964,0.41817,0.28571,0.33328,0.09988,0.52853,0.35714,0.36145,0.1475,2.44828,2.59628,2.40323,1.98883,0.0017492,0.0017492,0.0017492
78,122.682,1.90812,2.10345,1.83587,1.58644,0.95579,0.28571,0.44931,0.16278,0.95579,0.28571,0.43073,0.16443,2.33301,2.22139,2.13847,2.04982,0.0017459,0.0017459,0.0017459
79,123.932,1.88683,2.40936,1.78255,1.64247,0.95579,0.28571,0.44931,0.16278,0.95579,0.28571,0.43073,0.16443,2.33301,2.22139,2.13847,2.04982,0.0017426,0.0017426,0.0017426
80,126.08,1.72957,1.74878,1.78052,1.5108,0.33481,0.57143,0.51869,0.13025,0.74155,0.35714,0.5112,0.19339,2.31916,2.01447,2.35987,2.09783,0.0017393,0.0017393,0.0017393
81,127.349,1.71318,1.6617,1.93675,1.49313,0.33481,0.57143,0.51869,0.13025,0.74155,0.35714,0.5112,0.19339,2.31916,2.01447,2.35987,2.09783,0.001736,0.001736,0.001736
82,128.681,1.57514,1.65909,1.74171,1.3832,0.56641,0.28571,0.29559,0.1027,0.7323,0.28571,0.37507,0.12814,2.4815,2.00369,2.52835,2.44363,0.0017327,0.0017327,0.0017327
83,129.9,1.56149,1.90258,1.60908,1.39255,0.56641,0.28571,0.29559,0.1027,0.7323,0.28571,0.37507,0.12814,2.4815,2.00369,2.52835,2.44363,0.0017294,0.0017294,0.0017294
84,131.263,1.45004,1.62689,1.59362,1.32558,0.17475,0.35714,0.19492,0.06278,0.72414,0.28571,0.36163,0.11224,2.61885,2.18046,2.66108,2.56401,0.0017261,0.0017261,0.0017261
85,132.525,1.76278,1.76767,1.7221,1.46989,0.17475,0.35714,0.19492,0.06278,0.72414,0.28571,0.36163,0.11224,2.61885,2.18046,2.66108,2.56401,0.0017228,0.0017228,0.0017228
86,133.897,1.60835,1.85325,1.65715,1.45239,0.42272,0.28571,0.29727,0.07441,0.58808,0.28571,0.35877,0.14312,2.55807,1.95946,2.30406,2.29847,0.0017195,0.0017195,0.0017195
87,135.116,1.53321,1.89914,1.65877,1.41837,0.42272,0.28571,0.29727,0.07441,0.58808,0.28571,0.35877,0.14312,2.55807,1.95946,2.30406,2.29847,0.0017162,0.0017162,0.0017162
88,136.461,1.64065,2.12249,1.72425,1.45116,0.57255,0.28571,0.35023,0.0987,0.63333,0.28571,0.37849,0.14263,2.40464,1.88263,2.26742,2.13796,0.0017129,0.0017129,0.0017129
89,137.71,1.50003,1.5666,1.57225,1.41671,0.57255,0.28571,0.35023,0.0987,0.63333,0.28571,0.37849,0.14263,2.40464,1.88263,2.26742,2.13796,0.0017096,0.0017096,0.0017096
90,139.042,1.53345,1.58023,1.6385,1.34428,0.60035,0.35714,0.33803,0.1124,0.93873,0.28571,0.38895,0.16122,2.25471,1.84271,2.27855,1.94145,0.0017063,0.0017063,0.0017063
91,141.431,1.51088,1.67333,1.62595,1.3851,0.60035,0.35714,0.33803,0.1124,0.93873,0.28571,0.38895,0.16122,2.25471,1.84271,2.27855,1.94145,0.001703,0.001703,0.001703
92,142.876,1.63636,1.77526,1.62626,1.47517,0.78761,0.35714,0.41777,0.11043,0.62918,0.28571,0.38921,0.1525,2.32306,1.93391,2.50552,2.15323,0.0016997,0.0016997,0.0016997
93,144.08,1.78452,1.96109,1.83257,1.52615,0.78761,0.35714,0.41777,0.11043,0.62918,0.28571,0.38921,0.1525,2.32306,1.93391,2.50552,2.15323,0.0016964,0.0016964,0.0016964
94,145.38,1.58139,1.6087,1.62086,1.40969,0.56393,0.5,0.43081,0.13945,0.53187,0.42857,0.39584,0.16455,2.26404,1.93351,2.4052,2.0887,0.0016931,0.0016931,0.0016931
95,146.58,1.77865,1.85719,1.7925,1.52732,0.56393,0.5,0.43081,0.13945,0.53187,0.42857,0.39584,0.16455,2.26404,1.93351,2.4052,2.0887,0.0016898,0.0016898,0.0016898
96,147.902,1.74747,1.6647,1.66059,1.41177,0.2567,0.35714,0.16944,0.06544,0.31796,0.42857,0.30547,0.12778,2.37459,2.04044,2.3828,1.97316,0.0016865,0.0016865,0.0016865
97,149.121,1.54678,1.84934,1.53001,1.36453,0.2567,0.35714,0.16944,0.06544,0.31796,0.42857,0.30547,0.12778,2.37459,2.04044,2.3828,1.97316,0.0016832,0.0016832,0.0016832
98,150.426,1.47346,1.34836,1.62464,1.31705,0.1303,0.35714,0.07899,0.03653,0.28959,0.28571,0.25393,0.09271,2.48472,1.96296,2.62552,2.01972,0.0016799,0.0016799,0.0016799
99,151.701,1.5367,1.82693,1.52965,1.42935,0.1303,0.35714,0.07899,0.03653,0.28959,0.28571,0.25393,0.09271,2.48472,1.96296,2.62552,2.01972,0.0016766,0.0016766,0.0016766
100,152.995,1.5473,1.7749,1.48849,1.38607,0.18946,0.28571,0.1201,0.05048,0.90204,0.21429,0.2991,0.10284,2.33772,2.08164,2.51323,1.95043,0.0016733,0.0016733,0.0016733
101,154.207,1.59862,1.76927,1.52741,1.41292,0.18946,0.28571,0.1201,0.05048,0.90204,0.21429,0.2991,0.10284,2.33772,2.08164,2.51323,1.95043,0.00167,0.00167,0.00167
102,156.589,1.47512,1.47683,1.54798,1.33216,0.36452,0.28571,0.3149,0.07464,0.36452,0.28571,0.28785,0.1111,2.41819,2.00014,2.11103,2.05711,0.0016667,0.0016667,0.0016667
103,158.193,1.52737,1.68841,1.36699,1.38711,0.36452,0.28571,0.3149,0.07464,0.36452,0.28571,0.28785,0.1111,2.41819,2.00014,2.11103,2.05711,0.0016634,0.0016634,0.0016634
104,159.603,1.4004,1.54543,1.48992,1.26497,0.46427,0.28571,0.33936,0.08273,0.32171,0.57143,0.3786,0.15607,2.53977,1.67378,2.25457,2.15747,0.0016601,0.0016601,0.0016601
105,160.838,1.82693,1.98099,1.74168,1.54679,0.46427,0.28571,0.33936,0.08273,0.32171,0.57143,0.3786,0.15607,2.53977,1.67378,2.25457,2.15747,0.0016568,0.0016568,0.0016568
106,162.164,1.57537,2.01099,1.55848,1.43032,0.53332,0.35714,0.38733,0.11223,0.53332,0.35714,0.40421,0.18322,2.71235,1.75803,2.0231,2.2949,0.0016535,0.0016535,0.0016535
107,163.384,1.42195,1.72428,1.51759,1.34995,0.53332,0.35714,0.38733,0.11223,0.53332,0.35714,0.40421,0.18322,2.71235,1.75803,2.0231,2.2949,0.0016502,0.0016502,0.0016502
108,164.67,1.73923,1.87526,1.67985,1.54569,0.52336,0.35714,0.4116,0.13663,0.62882,0.42857,0.45416,0.22596,2.60359,1.83121,1.97846,2.11207,0.0016469,0.0016469,0.0016469
109,165.916,1.38472,1.53686,1.38018,1.25491,0.52336,0.35714,0.4116,0.13663,0.62882,0.42857,0.45416,0.22596,2.60359,1.83121,1.97846,2.11207,0.0016436,0.0016436,0.0016436
110,167.278,1.51695,1.79685,1.52116,1.35568,0.95858,0.28571,0.41297,0.12478,0.67245,0.5,0.49622,0.20582,2.82465,2.01168,1.99227,2.41698,0.0016403,0.0016403,0.0016403
111,168.555,1.85509,2.35921,1.74526,1.54897,0.95858,0.28571,0.41297,0.12478,0.67245,0.5,0.49622,0.20582,2.82465,2.01168,1.99227,2.41698,0.001637,0.001637,0.001637
112,170.652,1.43567,1.73745,1.39499,1.31531,0.57555,0.21429,0.29587,0.09004,0.31869,0.36808,0.28559,0.15134,2.96535,2.14392,2.09606,2.53432,0.0016337,0.0016337,0.0016337
113,173.527,1.58308,1.78994,1.56753,1.39658,0.57555,0.21429,0.29587,0.09004,0.31869,0.36808,0.28559,0.15134,2.96535,2.14392,2.09606,2.53432,0.0016304,0.0016304,0.0016304
114,174.814,1.47807,1.55837,1.45556,1.34564,0.40517,0.35714,0.3316,0.09319,0.32414,0.28571,0.28627,0.1418,2.58162,2.15655,2.36126,2.06019,0.0016271,0.0016271,0.0016271
115,176.032,1.47876,1.61111,1.51377,1.37891,0.40517,0.35714,0.3316,0.09319,0.32414,0.28571,0.28627,0.1418,2.58162,2.15655,2.36126,2.06019,0.0016238,0.0016238,0.0016238
116,177.386,1.44285,1.52904,1.45118,1.33502,0.37917,0.42857,0.36827,0.10883,0.49056,0.28571,0.36539,0.14854,2.44432,1.94008,2.37048,1.93437,0.0016205,0.0016205,0.0016205
117,178.588,1.47634,1.6319,1.53862,1.34472,0.37917,0.42857,0.36827,0.10883,0.49056,0.28571,0.36539,0.14854,2.44432,1.94008,2.37048,1.93437,0.0016172,0.0016172,0.0016172
118,179.913,1.69079,1.79021,1.51597,1.44057,0.32962,0.42181,0.35877,0.12147,0.28617,0.5,0.33876,0.15752,2.36195,1.89925,2.23045,1.8647,0.0016139,0.0016139,0.0016139
119,181.109,1.48736,1.62092,1.35399,1.26987,0.32962,0.42181,0.35877,0.12147,0.28617,0.5,0.33876,0.15752,2.36195,1.89925,2.23045,1.8647,0.0016106,0.0016106,0.0016106
120,182.404,1.44148,1.48748,1.40742,1.27591,0.23274,0.42857,0.34118,0.09067,0.25106,0.64286,0.32734,0.1402,2.42624,1.91244,2.18763,1.89873,0.0016073,0.0016073,0.0016073
121,183.635,1.49227,1.54998,1.70538,1.3433,0.23274,0.42857,0.34118,0.09067,0.25106,0.64286,0.32734,0.1402,2.42624,1.91244,2.18763,1.89873,0.001604,0.001604,0.001604
122,186.006,1.53441,1.89131,1.47251,1.32347,0.37808,0.35714,0.35579,0.08639,0.33012,0.31811,0.28603,0.12678,2.44874,2.04187,2.0664,1.83143,0.0016007,0.0016007,0.0016007
123,187.243,1.49161,1.7398,1.5073,1.36512,0.37808,0.35714,0.35579,0.08639,0.33012,0.31811,0.28603,0.12678,2.44874,2.04187,2.0664,1.83143,0.0015974,0.0015974,0.0015974
124,188.586,1.318,1.39999,1.34051,1.24806,0.31466,0.5,0.4138,0.10476,0.68838,0.28571,0.345,0.15615,2.49262,2.13597,1.94008,1.84388,0.0015941,0.0015941,0.0015941
125,189.845,1.52858,1.7563,1.52736,1.41418,0.31466,0.5,0.4138,0.10476,0.68838,0.28571,0.345,0.15615,2.49262,2.13597,1.94008,1.84388,0.0015908,0.0015908,0.0015908
126,191.175,1.46327,1.70102,1.49162,1.37491,0.38067,0.30866,0.32307,0.11496,0.38955,0.5,0.31912,0.12454,2.20192,2.11006,2.34828,1.71733,0.0015875,0.0015875,0.0015875
127,192.406,1.54013,1.70464,1.55284,1.42831,0.38067,0.30866,0.32307,0.11496,0.38955,0.5,0.31912,0.12454,2.20192,2.11006,2.34828,1.71733,0.0015842,0.0015842,0.0015842
128,193.766,1.42558,1.43293,1.41958,1.34105,0.45212,0.28571,0.33568,0.07837,0.60995,0.5,0.46824,0.14511,2.27609,2.08627,2.73807,1.86018,0.0015809,0.0015809,0.0015809
129,195.012,1.61428,1.72779,1.56774,1.35743,0.45212,0.28571,0.33568,0.07837,0.60995,0.5,0.46824,0.14511,2.27609,2.08627,2.73807,1.86018,0.0015776,0.0015776,0.0015776
130,196.391,1.63862,1.91493,1.63842,1.435,0.29197,0.38381,0.31791,0.1027,0.87408,0.49633,0.53721,0.20344,2.37281,2.04657,2.59211,1.96201,0.0015743,0.0015743,0.0015743
131,197.65,1.62102,1.56248,1.57147,1.45661,0.29197,0.38381,0.31791,0.1027,0.87408,0.49633,0.53721,0.20344,2.37281,2.04657,2.59211,1.96201,0.001571,0.001571,0.001571
132,198.963,1.49526,1.54389,1.49454,1.36943,0.44178,0.28571,0.33214,0.11758,0.81296,0.5,0.57283,0.21823,2.40897,2.23967,2.50264,1.97751,0.0015677,0.0015677,0.0015677
133,201.003,1.67552,1.65777,1.54689,1.50332,0.44178,0.28571,0.33214,0.11758,0.81296,0.5,0.57283,0.21823,2.40897,2.23967,2.50264,1.97751,0.0015644,0.0015644,0.0015644
134,202.332,1.64293,2.21305,1.8224,1.42139,0.44881,0.35714,0.38617,0.13012,0.59134,0.64286,0.57167,0.21355,2.43588,2.55146,2.52569,1.98635,0.0015611,0.0015611,0.0015611
135,203.581,1.45258,1.47138,1.45144,1.27952,0.44881,0.35714,0.38617,0.13012,0.59134,0.64286,0.57167,0.21355,2.43588,2.55146,2.52569,1.98635,0.0015578,0.0015578,0.0015578
136,204.901,1.51283,1.42539,1.50989,1.35572,0.29493,0.28571,0.31016,0.10484,0.80272,0.42857,0.50907,0.18625,2.26631,2.12727,2.72921,1.98919,0.0015545,0.0015545,0.0015545
137,206.124,1.33466,1.45896,1.4294,1.29917,0.29493,0.28571,0.31016,0.10484,0.80272,0.42857,0.50907,0.18625,2.26631,2.12727,2.72921,1.98919,0.0015512,0.0015512,0.0015512
138,207.406,1.5098,1.5887,1.46001,1.37898,0.41067,0.28571,0.33006,0.10049,0.5407,0.57143,0.55943,0.18944,2.21088,2.04549,2.29137,1.90013,0.0015479,0.0015479,0.0015479
139,208.659,1.5342,1.39623,1.53304,1.35615,0.41067,0.28571,0.33006,0.10049,0.5407,0.57143,0.55943,0.18944,2.21088,2.04549,2.29137,1.90013,0.0015446,0.0015446,0.0015446
140,209.959,1.41085,1.47369,1.35334,1.30495,0.37087,0.5,0.4138,0.1241,0.47135,0.71429,0.57088,0.18757,2.12066,1.99324,2.11905,1.90947,0.0015413,0.0015413,0.0015413
141,211.235,1.62928,1.59712,1.56282,1.52058,0.37087,0.5,0.4138,0.1241,0.47135,0.71429,0.57088,0.18757,2.12066,1.99324,2.11905,1.90947,0.001538,0.001538,0.001538
142,212.605,1.388,1.51541,1.40289,1.28225,0.50469,0.35714,0.40843,0.17006,0.36459,0.57143,0.50914,0.16613,2.1139,2.07417,1.93846,1.94036,0.0015347,0.0015347,0.0015347
143,213.814,1.3936,1.57261,1.38677,1.32508,0.50469,0.35714,0.40843,0.17006,0.36459,0.57143,0.50914,0.16613,2.1139,2.07417,1.93846,1.94036,0.0015314,0.0015314,0.0015314
144,216.199,1.5126,1.67285,1.50381,1.36042,0.47931,0.42857,0.39032,0.13127,0.39362,0.64286,0.54335,0.15698,2.29682,2.31629,1.9123,2.02868,0.0015281,0.0015281,0.0015281
145,217.413,1.42154,1.61972,1.38786,1.31722,0.47931,0.42857,0.39032,0.13127,0.39362,0.64286,0.54335,0.15698,2.29682,2.31629,1.9123,2.02868,0.0015248,0.0015248,0.0015248
146,218.7,1.43128,1.79798,1.43639,1.31718,0.38515,0.62696,0.45198,0.14947,0.57352,0.57143,0.52228,0.20915,2.30411,2.28805,1.77797,1.94429,0.0015215,0.0015215,0.0015215
147,219.974,1.39488,1.5294,1.33585,1.2713,0.38515,0.62696,0.45198,0.14947,0.57352,0.57143,0.52228,0.20915,2.30411,2.28805,1.77797,1.94429,0.0015182,0.0015182,0.0015182
148,221.252,1.42614,1.76698,1.46906,1.35511,0.49762,0.57143,0.57012,0.14665,0.43541,0.5,0.39762,0.17596,2.28861,2.42443,1.6361,1.94029,0.0015149,0.0015149,0.0015149
149,222.488,1.57008,2.00222,1.58289,1.41037,0.49762,0.57143,0.57012,0.14665,0.43541,0.5,0.39762,0.17596,2.28861,2.42443,1.6361,1.94029,0.0015116,0.0015116,0.0015116
150,223.796,1.47728,1.86127,1.49601,1.36877,0.40149,0.57143,0.51269,0.1407,0.52576,0.42857,0.41168,0.15964,2.22723,2.40606,1.62769,1.87269,0.0015083,0.0015083,0.0015083
151,224.99,1.30568,1.39078,1.32127,1.24914,0.40149,0.57143,0.51269,0.1407,0.52576,0.42857,0.41168,0.15964,2.22723,2.40606,1.62769,1.87269,0.001505,0.001505,0.001505
152,226.485,1.43411,1.62081,1.49137,1.37319,0.49815,0.64286,0.46334,0.16785,0.59364,0.42857,0.40992,0.14406,2.18377,2.3357,1.75894,1.93053,0.0015017,0.0015017,0.0015017
153,227.919,1.28246,1.32258,1.26002,1.22292,0.49815,0.64286,0.46334,0.16785,0.59364,0.42857,0.40992,0.14406,2.18377,2.3357,1.75894,1.93053,0.0014984,0.0014984,0.0014984
154,229.348,1.29984,1.24328,1.39108,1.24612,0.38418,0.5,0.46829,0.09758,0.37005,0.28571,0.34936,0.15414,2.42444,2.44127,2.21636,2.03618,0.0014951,0.0014951,0.0014951
155,233.2,1.2252,1.28741,1.25273,1.19436,0.38418,0.5,0.46829,0.09758,0.37005,0.28571,0.34936,0.15414,2.42444,2.44127,2.21636,2.03618,0.0014918,0.0014918,0.0014918
156,234.572,1.37199,1.43349,1.21793,1.24151,0.53201,0.5,0.47221,0.09594,0.48687,0.40794,0.43525,0.16892,2.51346,2.35124,2.15813,2.15375,0.0014885,0.0014885,0.0014885
157,235.778,1.6286,2.17387,1.4896,1.36858,0.53201,0.5,0.47221,0.09594,0.48687,0.40794,0.43525,0.16892,2.51346,2.35124,2.15813,2.15375,0.0014852,0.0014852,0.0014852
158,237.073,1.37954,1.58055,1.37277,1.26155,0.80816,0.35714,0.48931,0.16661,0.98333,0.42857,0.53773,0.19573,2.38834,2.26078,1.88731,2.05271,0.0014819,0.0014819,0.0014819
159,238.35,1.79661,2.10909,1.6524,1.52481,0.80816,0.35714,0.48931,0.16661,0.98333,0.42857,0.53773,0.19573,2.38834,2.26078,1.88731,2.05271,0.0014786,0.0014786,0.0014786
160,239.673,1.51497,1.85702,1.56223,1.39207,0.39805,0.71429,0.5126,0.17617,1,0.35246,0.52384,0.21402,2.17806,2.07069,1.69639,1.8613,0.0014753,0.0014753,0.0014753
161,240.919,1.56399,1.79796,1.5856,1.42324,0.39805,0.71429,0.5126,0.17617,1,0.35246,0.52384,0.21402,2.17806,2.07069,1.69639,1.8613,0.001472,0.001472,0.001472
162,242.243,1.35157,1.59062,1.4422,1.3246,0.62251,0.71429,0.58323,0.23863,0.61152,0.64286,0.54441,0.23733,2.08097,1.93282,1.66899,1.74532,0.0014687,0.0014687,0.0014687
163,243.487,1.43082,1.73491,1.40988,1.30873,0.62251,0.71429,0.58323,0.23863,0.61152,0.64286,0.54441,0.23733,2.08097,1.93282,1.66899,1.74532,0.0014654,0.0014654,0.0014654
164,245.251,1.26617,1.36736,1.31972,1.20748,0.50118,0.64607,0.56045,0.24883,0.77265,0.48682,0.53881,0.20995,2.00679,1.81192,1.72533,1.71134,0.0014621,0.0014621,0.0014621
165,246.884,1.3861,1.49852,1.35413,1.31877,0.50118,0.64607,0.56045,0.24883,0.77265,0.48682,0.53881,0.20995,2.00679,1.81192,1.72533,1.71134,0.0014588,0.0014588,0.0014588
166,248.224,1.22627,1.24674,1.21388,1.19912,0.69296,0.35714,0.4538,0.17173,0.79447,0.42857,0.46446,0.19831,2.08307,1.92746,1.9453,1.7924,0.0014555,0.0014555,0.0014555
167,249.455,1.4176,1.46684,1.37311,1.29113,0.69296,0.35714,0.4538,0.17173,0.79447,0.42857,0.46446,0.19831,2.08307,1.92746,1.9453,1.7924,0.0014522,0.0014522,0.0014522
168,250.783,1.44249,1.37802,1.33207,1.31603,0.43376,0.49287,0.37443,0.14967,0.49456,0.55976,0.39844,0.20249,2.22887,2.33735,1.97501,1.80366,0.0014489,0.0014489,0.0014489
169,252.021,1.58815,1.86747,1.54347,1.48638,0.43376,0.49287,0.37443,0.14967,0.49456,0.55976,0.39844,0.20249,2.22887,2.33735,1.97501,1.80366,0.0014456,0.0014456,0.0014456
170,253.318,1.36818,1.58142,1.31241,1.36131,0.56554,0.21429,0.2586,0.08306,0.65354,0.28571,0.26491,0.13186,2.49179,2.48941,2.14263,1.86626,0.0014423,0.0014423,0.0014423
171,254.61,1.33123,1.61335,1.31157,1.26305,0.56554,0.21429,0.2586,0.08306,0.65354,0.28571,0.26491,0.13186,2.49179,2.48941,2.14263,1.86626,0.001439,0.001439,0.001439
172,255.972,1.40744,1.67792,1.30512,1.35319,0.29082,0.35714,0.23379,0.06663,0.52993,0.21429,0.18625,0.10137,2.61109,2.47983,2.2766,1.95746,0.0014357,0.0014357,0.0014357
173,257.189,1.31421,1.68819,1.23868,1.26497,0.29082,0.35714,0.23379,0.06663,0.52993,0.21429,0.18625,0.10137,2.61109,2.47983,2.2766,1.95746,0.0014324,0.0014324,0.0014324
174,258.534,1.1838,1.34653,1.1847,1.19551,0.30017,0.28571,0.15053,0.06668,0.29646,0.28571,0.15065,0.08506,2.31032,2.20696,2.35976,1.87099,0.0014291,0.0014291,0.0014291
175,260.087,1.34022,1.64399,1.20691,1.27761,0.30017,0.28571,0.15053,0.06668,0.29646,0.28571,0.15065,0.08506,2.31032,2.20696,2.35976,1.87099,0.0014258,0.0014258,0.0014258
176,262.095,1.36788,1.60326,1.25842,1.28737,0.2435,0.35714,0.19877,0.09362,0.2922,0.42857,0.18977,0.09626,2.34678,2.19084,2.28118,1.84941,0.0014225,0.0014225,0.0014225
177,265.093,1.28952,1.57029,1.2354,1.19389,0.2435,0.35714,0.19877,0.09362,0.2922,0.42857,0.18977,0.09626,2.34678,2.19084,2.28118,1.84941,0.0014192,0.0014192,0.0014192
178,266.473,1.39912,1.70879,1.41198,1.30953,0.37907,0.35714,0.25523,0.11256,0.30543,0.35714,0.24463,0.12142,2.35985,2.27819,2.1627,1.87099,0.0014159,0.0014159,0.0014159
179,267.745,1.36926,1.49303,1.33844,1.29738,0.37907,0.35714,0.25523,0.11256,0.30543,0.35714,0.24463,0.12142,2.35985,2.27819,2.1627,1.87099,0.0014126,0.0014126,0.0014126
180,269.103,1.13993,1.14812,1.06756,1.18388,0.3733,0.42857,0.23561,0.09188,0.3733,0.42857,0.20545,0.09692,2.43235,2.22841,2.57597,2.02267,0.0014093,0.0014093,0.0014093
181,270.388,1.36402,1.57278,1.29072,1.30235,0.3733,0.42857,0.23561,0.09188,0.3733,0.42857,0.20545,0.09692,2.43235,2.22841,2.57597,2.02267,0.001406,0.001406,0.001406
182,271.726,1.29356,1.43997,1.28601,1.25544,0.31241,0.28571,0.16642,0.07359,0.31241,0.28571,0.15253,0.07214,2.45546,2.12433,2.98642,2.12925,0.0014027,0.0014027,0.0014027
183,272.992,1.35792,1.55741,1.22045,1.24155,0.31241,0.28571,0.16642,0.07359,0.31241,0.28571,0.15253,0.07214,2.45546,2.12433,2.98642,2.12925,0.0013994,0.0013994,0.0013994
184,274.357,1.37578,1.63766,1.27239,1.22489,0.21015,0.28571,0.19794,0.09251,0.21015,0.28571,0.17703,0.11156,2.39598,1.91928,2.85043,2.10833,0.0013961,0.0013961,0.0013961
185,276.187,1.41463,1.64888,1.37782,1.35279,0.21015,0.28571,0.19794,0.09251,0.21015,0.28571,0.17703,0.11156,2.39598,1.91928,2.85043,2.10833,0.0013928,0.0013928,0.0013928
186,277.447,1.36501,1.37206,1.24275,1.25502,0.19495,0.35714,0.27795,0.13276,0.2209,0.35714,0.25642,0.13988,2.35052,2.14213,2.33031,2.02083,0.0013895,0.0013895,0.0013895
187,278.668,1.26075,1.45838,1.28085,1.18567,0.19495,0.35714,0.27795,0.13276,0.2209,0.35714,0.25642,0.13988,2.35052,2.14213,2.33031,2.02083,0.0013862,0.0013862,0.0013862
188,280.052,1.44686,1.77759,1.37668,1.24904,0.36418,0.5,0.38791,0.14509,0.5104,0.35714,0.33053,0.17468,2.28938,2.13091,1.96574,1.86194,0.0013829,0.0013829,0.0013829
189,281.27,1.36591,1.37017,1.28781,1.25966,0.36418,0.5,0.38791,0.14509,0.5104,0.35714,0.33053,0.17468,2.28938,2.13091,1.96574,1.86194,0.0013796,0.0013796,0.0013796
190,282.555,1.27246,1.49215,1.15463,1.224,0.32448,0.37831,0.34208,0.15663,0.45516,0.35811,0.40508,0.15281,2.15944,2.00796,2.12473,1.8269,0.0013763,0.0013763,0.0013763
191,283.835,1.33747,1.9558,1.41583,1.26338,0.32448,0.37831,0.34208,0.15663,0.45516,0.35811,0.40508,0.15281,2.15944,2.00796,2.12473,1.8269,0.001373,0.001373,0.001373
192,285.197,1.48626,1.70648,1.42888,1.32832,0.42551,0.35714,0.33648,0.1396,0.55399,0.42857,0.44812,0.14338,2.03655,1.94262,2.24033,1.75586,0.0013697,0.0013697,0.0013697
193,286.419,1.3591,1.60449,1.26713,1.21672,0.42551,0.35714,0.33648,0.1396,0.55399,0.42857,0.44812,0.14338,2.03655,1.94262,2.24033,1.75586,0.0013664,0.0013664,0.0013664
194,287.741,1.39132,1.7007,1.25673,1.22527,0.48307,0.35714,0.39943,0.19115,0.67525,0.44697,0.49846,0.19423,2.06143,1.97489,2.24294,1.7463,0.0013631,0.0013631,0.0013631
195,289.022,1.19995,1.31118,1.18906,1.17302,0.48307,0.35714,0.39943,0.19115,0.67525,0.44697,0.49846,0.19423,2.06143,1.97489,2.24294,1.7463,0.0013598,0.0013598,0.0013598
196,291.391,1.25407,1.61495,1.25684,1.28991,0.55549,0.5,0.48184,0.18065,0.67289,0.35714,0.4185,0.19468,2.0799,2.14245,2.16508,1.70734,0.0013565,0.0013565,0.0013565
197,292.69,1.20633,1.23997,1.07719,1.18655,0.55549,0.5,0.48184,0.18065,0.67289,0.35714,0.4185,0.19468,2.0799,2.14245,2.16508,1.70734,0.0013532,0.0013532,0.0013532
198,294.07,1.15408,1.24337,1.10399,1.14603,0.51017,0.37313,0.435,0.18245,0.66809,0.35714,0.45231,0.22092,2.14766,2.12313,2.14913,1.71939,0.0013499,0.0013499,0.0013499
199,295.311,1.39285,1.59902,1.3393,1.25622,0.51017,0.37313,0.435,0.18245,0.66809,0.35714,0.45231,0.22092,2.14766,2.12313,2.14913,1.71939,0.0013466,0.0013466,0.0013466
200,296.591,1.36201,1.58544,1.26416,1.28859,0.62902,0.35714,0.47689,0.21931,0.76008,0.42857,0.47838,0.25232,2.20168,2.00909,2.02009,1.70631,0.0013433,0.0013433,0.0013433
201,297.839,1.39287,1.58306,1.35147,1.3047,0.62902,0.35714,0.47689,0.21931,0.76008,0.42857,0.47838,0.25232,2.20168,2.00909,2.02009,1.70631,0.00134,0.00134,0.00134
202,299.226,1.20204,1.40999,1.17438,1.19974,0.46011,0.42857,0.40732,0.15437,0.66596,0.35714,0.43417,0.17708,2.36708,2.10506,2.22829,1.78521,0.0013367,0.0013367,0.0013367
203,300.475,1.25274,1.39919,1.17211,1.21449,0.46011,0.42857,0.40732,0.15437,0.66596,0.35714,0.43417,0.17708,2.36708,2.10506,2.22829,1.78521,0.0013334,0.0013334,0.0013334
204,301.885,1.37619,1.72453,1.29386,1.24926,0.47032,0.35714,0.40358,0.12315,0.82511,0.33953,0.41038,0.16393,2.35384,1.94258,2.26234,1.78678,0.0013301,0.0013301,0.0013301
205,303.115,1.23491,1.35691,1.2416,1.19253,0.47032,0.35714,0.40358,0.12315,0.82511,0.33953,0.41038,0.16393,2.35384,1.94258,2.26234,1.78678,0.0013268,0.0013268,0.0013268
206,304.456,1.49976,1.94944,1.38414,1.31361,0.4296,0.35714,0.29283,0.10141,0.59586,0.28571,0.31853,0.13088,2.30122,1.76395,2.33988,1.72601,0.0013235,0.0013235,0.0013235
207,308.255,1.23505,1.58894,1.18698,1.19646,0.4296,0.35714,0.29283,0.10141,0.59586,0.28571,0.31853,0.13088,2.30122,1.76395,2.33988,1.72601,0.0013202,0.0013202,0.0013202
208,309.543,1.3224,1.6149,1.13771,1.23845,0.38626,0.21429,0.25058,0.09466,0.52029,0.28571,0.3656,0.12505,2.40254,1.73786,2.41614,1.79832,0.0013169,0.0013169,0.0013169
209,310.746,1.29551,1.48882,1.13418,1.1952,0.38626,0.21429,0.25058,0.09466,0.52029,0.28571,0.3656,0.12505,2.40254,1.73786,2.41614,1.79832,0.0013136,0.0013136,0.0013136
210,312.07,1.30039,1.52927,1.15307,1.2826,0.28606,0.14286,0.20186,0.07725,0.44518,0.21429,0.2639,0.08441,2.52894,1.77832,2.55268,1.8726,0.0013103,0.0013103,0.0013103
211,313.361,1.37143,1.62886,1.17415,1.20941,0.28606,0.14286,0.20186,0.07725,0.44518,0.21429,0.2639,0.08441,2.52894,1.77832,2.55268,1.8726,0.001307,0.001307,0.001307
212,314.693,1.26381,1.41559,1.07813,1.14811,0.30629,0.28398,0.19218,0.05517,0.32101,0.28571,0.23583,0.08473,2.58184,1.73826,2.56732,1.97251,0.0013037,0.0013037,0.0013037
213,315.904,1.3951,1.57486,1.18159,1.28101,0.30629,0.28398,0.19218,0.05517,0.32101,0.28571,0.23583,0.08473,2.58184,1.73826,2.56732,1.97251,0.0013004,0.0013004,0.0013004
214,317.226,1.27844,1.49706,1.21055,1.23488,0.41843,0.5,0.32891,0.08951,0.47533,0.45418,0.30961,0.13017,2.5469,1.83168,2.35483,1.94785,0.0012971,0.0012971,0.0012971
215,318.431,1.18094,1.32813,1.05086,1.17702,0.41843,0.5,0.32891,0.08951,0.47533,0.45418,0.30961,0.13017,2.5469,1.83168,2.35483,1.94785,0.0012938,0.0012938,0.0012938
216,319.895,1.14156,1.26063,0.95258,1.16883,0.45273,0.5,0.48133,0.12528,0.85564,0.42406,0.46092,0.18184,2.35092,1.94788,2.06707,1.83667,0.0012905,0.0012905,0.0012905
217,321.89,1.07347,1.22775,1.04604,1.12929,0.45273,0.5,0.48133,0.12528,0.85564,0.42406,0.46092,0.18184,2.35092,1.94788,2.06707,1.83667,0.0012872,0.0012872,0.0012872
218,323.222,1.23743,1.64326,1.12217,1.20139,0.31665,0.5,0.39773,0.14616,0.51487,0.3805,0.32952,0.16481,2.20334,2.14583,1.99433,1.74342,0.0012839,0.0012839,0.0012839
219,324.458,1.16899,1.25326,0.98823,1.15563,0.31665,0.5,0.39773,0.14616,0.51487,0.3805,0.32952,0.16481,2.20334,2.14583,1.99433,1.74342,0.0012806,0.0012806,0.0012806
220,325.81,1.35854,1.53881,1.12898,1.303,0.51538,0.42857,0.41913,0.17294,0.6502,0.40034,0.33187,0.19587,2.10117,2.33346,1.9757,1.71002,0.0012773,0.0012773,0.0012773
221,327.074,1.24891,1.43548,1.18965,1.22883,0.51538,0.42857,0.41913,0.17294,0.6502,0.40034,0.33187,0.19587,2.10117,2.33346,1.9757,1.71002,0.001274,0.001274,0.001274
222,328.373,1.189,1.48145,1.11473,1.23627,0.61038,0.5,0.48636,0.19473,0.46444,0.31142,0.31557,0.19687,2.24407,2.49725,1.85069,1.75243,0.0012707,0.0012707,0.0012707
223,329.627,1.21262,1.68195,1.1188,1.16066,0.61038,0.5,0.48636,0.19473,0.46444,0.31142,0.31557,0.19687,2.24407,2.49725,1.85069,1.75243,0.0012674,0.0012674,0.0012674
224,331.005,1.29314,1.65319,1.10051,1.25986,0.80682,0.5,0.55908,0.18472,0.80002,0.35714,0.37184,0.21973,2.31417,2.41633,1.70651,1.86762,0.0012641,0.0012641,0.0012641
225,332.353,1.27077,1.42836,1.15693,1.23403,0.80682,0.5,0.55908,0.18472,0.80002,0.35714,0.37184,0.21973,2.31417,2.41633,1.70651,1.86762,0.0012608,0.0012608,0.0012608
226,333.676,1.29579,1.43331,1.1054,1.20941,0.75358,0.57143,0.60564,0.19435,0.97659,0.42857,0.49373,0.23982,2.29123,2.31411,1.66695,1.88191,0.0012575,0.0012575,0.0012575
227,335.609,1.31617,1.52682,1.10815,1.23344,0.75358,0.57143,0.60564,0.19435,0.97659,0.42857,0.49373,0.23982,2.29123,2.31411,1.66695,1.88191,0.0012542,0.0012542,0.0012542
228,337.138,1.27763,1.4282,1.12254,1.15918,0.70725,0.57143,0.57926,0.19276,0.62731,0.5,0.49239,0.2841,2.27165,2.21706,1.77985,1.86612,0.0012509,0.0012509,0.0012509
229,338.422,1.31726,1.35054,1.11166,1.176,0.70725,0.57143,0.57926,0.19276,0.62731,0.5,0.49239,0.2841,2.27165,2.21706,1.77985,1.86612,0.0012476,0.0012476,0.0012476
230,339.855,1.34703,1.68288,1.24606,1.21004,0.81719,0.5,0.55082,0.21333,0.8209,0.5,0.49185,0.26306,2.02634,2.22829,2.03748,1.62949,0.0012443,0.0012443,0.0012443
231,341.088,1.20683,1.37827,1.14349,1.17129,0.81719,0.5,0.55082,0.21333,0.8209,0.5,0.49185,0.26306,2.02634,2.22829,2.03748,1.62949,0.001241,0.001241,0.001241
232,342.399,1.4024,1.74391,1.24404,1.3256,0.74295,0.5,0.55422,0.25904,0.74295,0.5,0.49978,0.28834,1.97198,2.12719,1.79965,1.60429,0.0012377,0.0012377,0.0012377
233,343.644,1.23464,1.44793,1.05696,1.19191,0.74295,0.5,0.55422,0.25904,0.74295,0.5,0.49978,0.28834,1.97198,2.12719,1.79965,1.60429,0.0012344,0.0012344,0.0012344
234,344.964,1.2562,1.54044,1.15125,1.20795,0.74542,0.5,0.58557,0.25236,0.74542,0.5,0.53022,0.2877,2.01929,1.98242,1.61381,1.60793,0.0012311,0.0012311,0.0012311
235,346.243,1.15264,1.38751,1.08253,1.16379,0.74542,0.5,0.58557,0.25236,0.74542,0.5,0.53022,0.2877,2.01929,1.98242,1.61381,1.60793,0.0012278,0.0012278,0.0012278
236,347.553,1.27104,1.63704,1.21239,1.21251,0.45627,0.42857,0.47835,0.20975,0.64753,0.5,0.49812,0.25565,1.98787,1.9993,1.75012,1.68196,0.0012245,0.0012245,0.0012245
237,348.838,1.28675,1.66688,1.19452,1.20753,0.45627,0.42857,0.47835,0.20975,0.64753,0.5,0.49812,0.25565,1.98787,1.9993,1.75012,1.68196,0.0012212,0.0012212,0.0012212
238,351.024,1.24778,1.558,1.05475,1.14947,0.37317,0.42857,0.43803,0.18041,0.66619,0.5,0.46134,0.22047,2.1698,2.0011,1.70613,1.8714,0.0012179,0.0012179,0.0012179
239,352.277,1.21742,1.32624,1.1128,1.16302,0.37317,0.42857,0.43803,0.18041,0.66619,0.5,0.46134,0.22047,2.1698,2.0011,1.70613,1.8714,0.0012146,0.0012146,0.0012146
240,353.575,1.16967,1.31948,1.06007,1.16241,0.46524,0.55989,0.46494,0.14757,0.46105,0.55085,0.43493,0.18008,2.18985,2.03216,1.71996,1.94134,0.0012113,0.0012113,0.0012113
241,354.79,1.04685,1.18561,0.9607,1.07343,0.46524,0.55989,0.46494,0.14757,0.46105,0.55085,0.43493,0.18008,2.18985,2.03216,1.71996,1.94134,0.001208,0.001208,0.001208
242,356.101,1.12152,1.19572,0.94749,1.10337,0.4508,0.5,0.44238,0.16119,0.68845,0.35714,0.4198,0.19476,2.23577,2.04507,1.7267,1.88442,0.0012047,0.0012047,0.0012047
243,357.278,1.27814,1.44081,1.13896,1.22155,0.4508,0.5,0.44238,0.16119,0.68845,0.35714,0.4198,0.19476,2.23577,2.04507,1.7267,1.88442,0.0012014,0.0012014,0.0012014
244,358.588,1.39525,1.54656,1.17617,1.24718,0.35946,0.64286,0.45238,0.17059,0.62251,0.5,0.46538,0.2165,2.19193,2.0764,1.81478,1.87445,0.0011981,0.0011981,0.0011981
245,359.853,1.20424,1.15433,1.0201,1.19376,0.35946,0.64286,0.45238,0.17059,0.62251,0.5,0.46538,0.2165,2.19193,2.0764,1.81478,1.87445,0.0011948,0.0011948,0.0011948
246,361.215,1.13597,1.43689,0.98632,1.10693,0.41688,0.61363,0.45789,0.15551,0.62556,0.64286,0.54841,0.21575,2.3514,2.1225,1.80698,1.9935,0.0011915,0.0011915,0.0011915
247,362.443,1.26013,1.3635,1.08921,1.17042,0.41688,0.61363,0.45789,0.15551,0.62556,0.64286,0.54841,0.21575,2.3514,2.1225,1.80698,1.9935,0.0011882,0.0011882,0.0011882
248,363.725,1.2752,1.66444,1.14608,1.22488,0.45157,0.57143,0.48246,0.16792,0.61337,0.64286,0.51058,0.2022,2.38158,2.19201,1.84017,2.0447,0.0011849,0.0011849,0.0011849
249,365.454,1.32935,1.53409,1.14733,1.23329,0.45157,0.57143,0.48246,0.16792,0.61337,0.64286,0.51058,0.2022,2.38158,2.19201,1.84017,2.0447,0.0011816,0.0011816,0.0011816
250,367.071,0.94626,1.13077,0.88477,1.0359,0.44512,0.64286,0.47558,0.192,0.53173,0.5,0.45439,0.21285,2.28365,2.18614,1.82579,1.91034,0.0011783,0.0011783,0.0011783
251,368.448,1.1878,1.18744,1.03217,1.16086,0.44512,0.64286,0.47558,0.192,0.53173,0.5,0.45439,0.21285,2.28365,2.18614,1.82579,1.91034,0.001175,0.001175,0.001175
252,369.902,1.03764,1.12052,0.90125,1.12199,0.6548,0.42857,0.46331,0.22075,0.46702,0.5,0.42455,0.21792,2.09022,2.18494,1.8091,1.71744,0.0011717,0.0011717,0.0011717
253,371.172,1.0442,1.16098,0.9767,1.13319,0.6548,0.42857,0.46331,0.22075,0.46702,0.5,0.42455,0.21792,2.09022,2.18494,1.8091,1.71744,0.0011684,0.0011684,0.0011684
254,372.628,1.44224,1.74374,1.30582,1.33585,0.54427,0.42671,0.41939,0.24294,0.54427,0.42671,0.41069,0.19533,2.10421,2.19504,1.90047,1.72204,0.0011651,0.0011651,0.0011651
255,374.07,1.1321,1.15423,0.99243,1.12619,0.54427,0.42671,0.41939,0.24294,0.54427,0.42671,0.41069,0.19533,2.10421,2.19504,1.90047,1.72204,0.0011618,0.0011618,0.0011618
256,375.405,1.16857,1.35579,1.12402,1.14343,0.37888,0.42857,0.41806,0.2136,0.44558,0.5,0.41393,0.20126,2.04949,2.23305,1.97416,1.67273,0.0011585,0.0011585,0.0011585
257,376.644,1.07975,1.16739,0.98572,1.12225,0.37888,0.42857,0.41806,0.2136,0.44558,0.5,0.41393,0.20126,2.04949,2.23305,1.97416,1.67273,0.0011552,0.0011552,0.0011552
258,377.965,1.25327,1.35785,1.13181,1.20476,0.3625,0.57143,0.39608,0.18717,0.47924,0.52694,0.39748,0.18181,2.10706,2.20955,2.0372,1.73095,0.0011519,0.0011519,0.0011519
259,379.188,1.24409,1.54776,1.15273,1.24793,0.3625,0.57143,0.39608,0.18717,0.47924,0.52694,0.39748,0.18181,2.10706,2.20955,2.0372,1.73095,0.0011486,0.0011486,0.0011486
260,383.631,1.12242,1.23019,0.99066,1.15037,0.34479,0.57143,0.43412,0.22195,0.42082,0.5,0.37911,0.17708,1.92905,2.1881,1.86097,1.66574,0.0011453,0.0011453,0.0011453
261,384.896,1.04267,1.05963,0.90138,1.07072,0.34479,0.57143,0.43412,0.22195,0.42082,0.5,0.37911,0.17708,1.92905,2.1881,1.86097,1.66574,0.001142,0.001142,0.001142
262,386.169,1.02473,1.26943,0.94288,1.13151,0.42898,0.78571,0.50927,0.26522,0.45578,0.64286,0.44901,0.19863,1.92948,2.1824,1.59773,1.57385,0.0011387,0.0011387,0.0011387
263,387.466,1.08723,1.47552,1.07566,1.13372,0.42898,0.78571,0.50927,0.26522,0.45578,0.64286,0.44901,0.19863,1.92948,2.1824,1.59773,1.57385,0.0011354,0.0011354,0.0011354
264,388.75,1.0505,1.20045,0.90832,1.05854,0.41055,0.64692,0.51543,0.28784,0.38301,0.71429,0.46735,0.21376,2.0052,2.08135,1.45301,1.62021,0.0011321,0.0011321,0.0011321
265,389.993,1.09152,1.31488,1.01001,1.1247,0.41055,0.64692,0.51543,0.28784,0.38301,0.71429,0.46735,0.21376,2.0052,2.08135,1.45301,1.62021,0.0011288,0.0011288,0.0011288
266,391.282,1.1677,1.33567,1.04096,1.10175,0.47489,0.71429,0.53855,0.28506,0.56545,0.57143,0.54771,0.22747,2.02013,2.07474,1.45863,1.68416,0.0011255,0.0011255,0.0011255
267,392.479,1.37918,1.8778,1.2008,1.27861,0.47489,0.71429,0.53855,0.28506,0.56545,0.57143,0.54771,0.22747,2.02013,2.07474,1.45863,1.68416,0.0011222,0.0011222,0.0011222
268,393.802,1.20185,1.39758,1.14792,1.16862,0.56754,0.64286,0.59316,0.26648,0.52877,0.57143,0.50868,0.22245,2.26831,2.17262,1.54389,1.95133,0.0011189,0.0011189,0.0011189
269,395.888,1.17433,1.60151,1.03081,1.18969,0.56754,0.64286,0.59316,0.26648,0.52877,0.57143,0.50868,0.22245,2.26831,2.17262,1.54389,1.95133,0.0011156,0.0011156,0.0011156
270,397.246,1.04731,1.1328,0.94182,1.16035,0.34684,0.5,0.42954,0.2296,0.83139,0.35714,0.47493,0.22635,2.29656,2.19561,1.60307,1.98781,0.0011123,0.0011123,0.0011123
271,398.518,1.03639,1.27006,0.97084,1.11597,0.34684,0.5,0.42954,0.2296,0.83139,0.35714,0.47493,0.22635,2.29656,2.19561,1.60307,1.98781,0.001109,0.001109,0.001109
272,399.907,1.18838,1.36613,0.99994,1.10939,0.74697,0.28571,0.42514,0.2289,0.93869,0.35714,0.48477,0.2183,2.26609,2.12487,1.63245,2.00836,0.0011057,0.0011057,0.0011057
273,401.116,1.1097,1.31627,0.96641,1.12458,0.74697,0.28571,0.42514,0.2289,0.93869,0.35714,0.48477,0.2183,2.26609,2.12487,1.63245,2.00836,0.0011024,0.0011024,0.0011024
274,402.398,1.1416,1.28261,1.03564,1.12653,0.50633,0.44033,0.46723,0.22423,0.49367,0.42857,0.4181,0.18664,2.34173,2.04206,1.65056,2.00122,0.0010991,0.0010991,0.0010991
275,403.628,1.10723,1.30154,0.99822,1.11733,0.50633,0.44033,0.46723,0.22423,0.49367,0.42857,0.4181,0.18664,2.34173,2.04206,1.65056,2.00122,0.0010958,0.0010958,0.0010958
276,404.925,1.05773,1.32792,0.93645,1.0656,0.78276,0.35714,0.48887,0.19335,0.78276,0.35714,0.44465,0.19184,2.49474,2.01346,1.73048,2.09276,0.0010925,0.0010925,0.0010925
277,406.134,1.21919,1.32656,1.07801,1.23195,0.78276,0.35714,0.48887,0.19335,0.78276,0.35714,0.44465,0.19184,2.49474,2.01346,1.73048,2.09276,0.0010892,0.0010892,0.0010892
278,407.456,1.26287,1.61837,1.12689,1.22851,0.79392,0.35714,0.45789,0.17616,0.85675,0.28571,0.45794,0.20742,2.47162,1.9469,1.79572,2.03422,0.0010859,0.0010859,0.0010859
279,408.634,1.27667,1.67908,1.17361,1.22168,0.79392,0.35714,0.45789,0.17616,0.85675,0.28571,0.45794,0.20742,2.47162,1.9469,1.79572,2.03422,0.0010826,0.0010826,0.0010826
280,410.116,1.21148,1.50794,1.13757,1.18274,0.7414,0.42857,0.49875,0.18052,0.7414,0.42857,0.50394,0.20952,2.33476,1.97597,1.89808,2.03002,0.0010793,0.0010793,0.0010793
281,412.031,1.06664,1.16925,0.90459,1.03149,0.7414,0.42857,0.49875,0.18052,0.7414,0.42857,0.50394,0.20952,2.33476,1.97597,1.89808,2.03002,0.001076,0.001076,0.001076
282,413.286,1.09313,1.18361,0.92722,1.10466,0.62008,0.5,0.48903,0.19288,0.5783,0.5,0.51741,0.19392,2.01815,1.98716,2.02732,1.87084,0.0010727,0.0010727,0.0010727
283,414.526,1.19407,1.25853,1.08194,1.13715,0.62008,0.5,0.48903,0.19288,0.5783,0.5,0.51741,0.19392,2.01815,1.98716,2.02732,1.87084,0.0010694,0.0010694,0.0010694
284,415.878,1.09655,1.24293,1.0329,1.08768,0.41703,0.42857,0.41977,0.19725,0.48695,0.47577,0.44734,0.19197,2.05817,1.87454,1.99421,1.85971,0.0010661,0.0010661,0.0010661
285,417.076,1.21329,1.34782,1.01099,1.13377,0.41703,0.42857,0.41977,0.19725,0.48695,0.47577,0.44734,0.19197,2.05817,1.87454,1.99421,1.85971,0.0010628,0.0010628,0.0010628
286,418.376,1.01001,1.18101,0.89676,1.07836,0.48317,0.42857,0.41713,0.16169,0.56501,0.5,0.45831,0.18292,2.18164,1.82598,1.98148,1.87276,0.0010595,0.0010595,0.0010595
287,419.577,1.00244,1.01108,0.83863,1.03791,0.48317,0.42857,0.41713,0.16169,0.56501,0.5,0.45831,0.18292,2.18164,1.82598,1.98148,1.87276,0.0010562,0.0010562,0.0010562
288,420.858,1.2419,1.6331,1.10508,1.20335,0.36821,0.42857,0.40405,0.16511,0.47716,0.57143,0.48407,0.20519,2.13421,1.82396,1.9899,1.81385,0.0010529,0.0010529,0.0010529
289,422.087,1.1012,1.29656,0.99627,1.077,0.36821,0.42857,0.40405,0.16511,0.47716,0.57143,0.48407,0.20519,2.13421,1.82396,1.9899,1.81385,0.0010496,0.0010496,0.0010496
290,423.35,0.99123,1.26738,0.93048,1.07306,0.56699,0.5,0.4581,0.19057,0.74404,0.57143,0.5879,0.22756,2.11125,1.8579,2.02065,1.86307,0.0010463,0.0010463,0.0010463
291,424.573,1.07419,1.26942,0.94695,1.07641,0.56699,0.5,0.4581,0.19057,0.74404,0.57143,0.5879,0.22756,2.11125,1.8579,2.02065,1.86307,0.001043,0.001043,0.001043
292,426.678,1.02339,1.06664,0.91329,1.08575,0.47816,0.42857,0.46083,0.19884,0.62579,0.42857,0.54902,0.24194,2.03964,1.84302,1.98776,1.8184,0.0010397,0.0010397,0.0010397
293,427.958,1.05646,1.35303,0.92168,1.10553,0.47816,0.42857,0.46083,0.19884,0.62579,0.42857,0.54902,0.24194,2.03964,1.84302,1.98776,1.8184,0.0010364,0.0010364,0.0010364
294,429.278,1.11811,1.29847,1.03365,1.10703,0.35504,0.5,0.4786,0.22656,0.73881,0.5,0.60704,0.25017,2.04966,1.8594,2.10884,1.83245,0.0010331,0.0010331,0.0010331
295,430.504,1.05982,0.93808,0.90467,1.0523,0.35504,0.5,0.4786,0.22656,0.73881,0.5,0.60704,0.25017,2.04966,1.8594,2.10884,1.83245,0.0010298,0.0010298,0.0010298
296,431.786,1.35219,1.63041,1.16573,1.28671,0.59052,0.42857,0.50868,0.21782,0.75135,0.57143,0.63196,0.26208,2.14466,1.972,1.97212,1.86362,0.0010265,0.0010265,0.0010265
297,432.988,1.1039,1.7208,0.94343,1.07976,0.59052,0.42857,0.50868,0.21782,0.75135,0.57143,0.63196,0.26208,2.14466,1.972,1.97212,1.86362,0.0010232,0.0010232,0.0010232
298,434.291,1.26343,1.43473,1.07499,1.16759,1,0.34878,0.48496,0.19673,0.70053,0.64286,0.63245,0.27569,2.20094,1.97151,2.07144,1.89988,0.0010199,0.0010199,0.0010199
299,435.56,1.12771,1.28663,1.01704,1.11126,1,0.34878,0.48496,0.19673,0.70053,0.64286,0.63245,0.27569,2.20094,1.97151,2.07144,1.89988,0.0010166,0.0010166,0.0010166
300,436.851,1.03673,1.17998,0.85993,1.0379,0.78771,0.35714,0.465,0.1983,1,0.48762,0.6308,0.26126,2.25966,1.96064,2.0099,1.89338,0.0010133,0.0010133,0.0010133
301,438.046,0.95681,1.16998,0.87599,1.04523,0.78771,0.35714,0.465,0.1983,1,0.48762,0.6308,0.26126,2.25966,1.96064,2.0099,1.89338,0.00101,0.00101,0.00101
302,439.335,1.11175,1.28509,0.9568,1.20037,0.57285,0.5,0.5245,0.21474,0.8387,0.57143,0.63346,0.25241,2.22731,2.118,1.7958,1.85584,0.0010067,0.0010067,0.0010067
303,442.914,1.13897,1.20742,0.87543,1.0927,0.57285,0.5,0.5245,0.21474,0.8387,0.57143,0.63346,0.25241,2.22731,2.118,1.7958,1.85584,0.0010034,0.0010034,0.0010034
304,444.351,1.15334,1.38517,0.95453,1.13645,0.54819,0.64286,0.52754,0.22246,0.53968,0.58697,0.60205,0.22837,2.08922,2.22372,1.53195,1.77489,0.0010001,0.0010001,0.0010001
305,445.581,1.02579,1.33843,0.94521,1.08661,0.54819,0.64286,0.52754,0.22246,0.53968,0.58697,0.60205,0.22837,2.08922,2.22372,1.53195,1.77489,0.0009968,0.0009968,0.0009968
306,446.876,1.09062,1.51533,0.9995,1.16748,0.66463,0.70817,0.61643,0.25458,0.59745,0.64286,0.51362,0.22101,1.97371,2.28228,1.5191,1.75865,0.0009935,0.0009935,0.0009935
307,448.082,1.09015,1.32408,0.91989,1.07056,0.66463,0.70817,0.61643,0.25458,0.59745,0.64286,0.51362,0.22101,1.97371,2.28228,1.5191,1.75865,0.0009902,0.0009902,0.0009902
308,449.359,1.28929,1.71425,1.20791,1.23805,0.64343,0.5,0.58721,0.2581,0.48966,0.61773,0.51964,0.22259,1.90365,2.28883,1.49062,1.78512,0.0009869,0.0009869,0.0009869
309,450.578,1.00975,1.15244,0.98303,1.11413,0.64343,0.5,0.58721,0.2581,0.48966,0.61773,0.51964,0.22259,1.90365,2.28883,1.49062,1.78512,0.0009836,0.0009836,0.0009836
310,451.962,1.18682,1.23198,0.9395,1.15975,0.48379,0.64286,0.5306,0.25167,0.48379,0.64286,0.481,0.21237,1.93504,2.22164,1.59349,1.84279,0.0009803,0.0009803,0.0009803
311,453.216,1.3232,1.45136,1.12438,1.26244,0.48379,0.64286,0.5306,0.25167,0.48379,0.64286,0.481,0.21237,1.93504,2.22164,1.59349,1.84279,0.000977,0.000977,0.000977
312,454.533,1.21716,1.28313,1.0041,1.1529,0.4682,0.62946,0.52992,0.24291,0.46006,0.57143,0.44995,0.21839,1.88146,2.2014,1.70671,1.78828,0.0009737,0.0009737,0.0009737
313,456.656,1.09317,1.27489,0.96026,1.10273,0.4682,0.62946,0.52992,0.24291,0.46006,0.57143,0.44995,0.21839,1.88146,2.2014,1.70671,1.78828,0.0009704,0.0009704,0.0009704
314,457.942,1.25026,1.45073,1.12431,1.27946,0.55563,0.62604,0.55711,0.25204,0.71352,0.42857,0.45862,0.23007,1.88408,2.10065,1.78829,1.75532,0.0009671,0.0009671,0.0009671
315,459.225,1.12877,1.29129,1.00417,1.17159,0.55563,0.62604,0.55711,0.25204,0.71352,0.42857,0.45862,0.23007,1.88408,2.10065,1.78829,1.75532,0.0009638,0.0009638,0.0009638
316,460.599,1.14456,1.2036,0.93237,1.08455,0.74753,0.42364,0.55092,0.23805,0.84001,0.42857,0.54018,0.25683,1.90804,2.09302,1.83047,1.7011,0.0009605,0.0009605,0.0009605
317,461.816,1.0489,1.18467,0.87307,1.13003,0.74753,0.42364,0.55092,0.23805,0.84001,0.42857,0.54018,0.25683,1.90804,2.09302,1.83047,1.7011,0.0009572,0.0009572,0.0009572
318,463.233,1.02586,1.33695,1.00394,1.11286,0.69314,0.35714,0.46773,0.21829,0.74914,0.5,0.5623,0.2465,1.98206,2.16213,1.87414,1.79071,0.0009539,0.0009539,0.0009539
319,464.451,1.00196,1.16878,0.86608,1.10168,0.69314,0.35714,0.46773,0.21829,0.74914,0.5,0.5623,0.2465,1.98206,2.16213,1.87414,1.79071,0.0009506,0.0009506,0.0009506
320,465.757,1.117,1.41334,1.11388,1.19395,0.53946,0.35714,0.44806,0.19839,0.75605,0.5,0.57227,0.25171,2.10483,2.13865,1.91181,1.88012,0.0009473,0.0009473,0.0009473
321,467.047,1.16553,1.61145,1.13087,1.18077,0.53946,0.35714,0.44806,0.19839,0.75605,0.5,0.57227,0.25171,2.10483,2.13865,1.91181,1.88012,0.000944,0.000944,0.000944
322,468.333,1.00477,1.14148,0.91636,1.03699,0.47326,0.42857,0.43711,0.20168,0.73145,0.64286,0.61757,0.24231,2.20508,2.16088,1.8621,1.89998,0.0009407,0.0009407,0.0009407
323,469.577,1.11905,1.29192,1.014,1.13291,0.47326,0.42857,0.43711,0.20168,0.73145,0.64286,0.61757,0.24231,2.20508,2.16088,1.8621,1.89998,0.0009374,0.0009374,0.0009374
324,471.553,1.03788,1.26719,0.90326,1.07164,0.68162,0.42857,0.56335,0.21146,0.63481,0.57143,0.5522,0.24557,2.26639,2.15408,1.85924,1.91681,0.0009341,0.0009341,0.0009341
325,472.815,1.10769,1.29406,0.95047,1.11339,0.68162,0.42857,0.56335,0.21146,0.63481,0.57143,0.5522,0.24557,2.26639,2.15408,1.85924,1.91681,0.0009308,0.0009308,0.0009308
326,474.112,1.25208,1.47831,1.14553,1.33575,0.47041,0.50803,0.52466,0.20419,0.53432,0.57143,0.53807,0.20242,2.26622,2.1122,1.8697,1.86353,0.0009275,0.0009275,0.0009275
327,475.337,1.19536,1.33007,1.01334,1.1503,0.47041,0.50803,0.52466,0.20419,0.53432,0.57143,0.53807,0.20242,2.26622,2.1122,1.8697,1.86353,0.0009242,0.0009242,0.0009242
328,476.635,0.90781,0.99129,0.77499,1.01724,0.81463,0.42857,0.54799,0.21742,0.81463,0.42857,0.53149,0.21257,2.26859,2.14025,1.97871,1.83484,0.0009209,0.0009209,0.0009209
329,477.907,1.12029,1.40135,1.02107,1.12755,0.81463,0.42857,0.54799,0.21742,0.81463,0.42857,0.53149,0.21257,2.26859,2.14025,1.97871,1.83484,0.0009176,0.0009176,0.0009176
330,479.195,1.07001,1.17781,0.85859,1.04878,0.58487,0.5,0.52206,0.20803,0.58487,0.5,0.50929,0.20707,2.23997,2.14386,2.02269,1.81329,0.0009143,0.0009143,0.0009143
331,480.408,1.12116,1.3027,0.91442,1.12773,0.58487,0.5,0.52206,0.20803,0.58487,0.5,0.50929,0.20707,2.23997,2.14386,2.02269,1.81329,0.000911,0.000911,0.000911
332,481.698,1.01065,1.07596,0.81406,1.06601,0.48364,0.64286,0.57776,0.25973,0.519,0.57143,0.51897,0.24406,2.18689,2.18028,1.97329,1.84728,0.0009077,0.0009077,0.0009077
